INSERT INTO clients (client_id, email, phone_number, full_name, registration_date) VALUES
(1, 'alice.johnson@email.com', '+250788111001', 'Alice Johnson', TO_DATE('2024-01-15', 'YYYY-MM-DD')),
(2, 'bob.smith@email.com', '+250788111002', 'Bob Smith', TO_DATE('2024-01-20', 'YYYY-MM-DD')),
(3, 'charlie.brown@email.com', '+250788111003', 'Charlie Brown', TO_DATE('2024-02-05', 'YYYY-MM-DD')),
(4, 'diana.prince@email.com', '+250788111004', 'Diana Prince', TO_DATE('2024-02-10', 'YYYY-MM-DD')),
(5, 'edward.nguyen@email.com', '+250788111005', 'Edward Nguyen', TO_DATE('2024-02-15', 'YYYY-MM-DD')),
(6, 'fiona.garcia@email.com', '+250788111006', 'Fiona Garcia', TO_DATE('2024-02-20', 'YYYY-MM-DD')),
(7, 'george.miller@email.com', '+250788111007', 'George Miller', TO_DATE('2024-03-01', 'YYYY-MM-DD')),
(8, 'hannah.wilson@email.com', '+250788111008', 'Hannah Wilson', TO_DATE('2024-03-05', 'YYYY-MM-DD')),
(9, 'ian.thomas@email.com', '+250788111009', 'Ian Thomas', TO_DATE('2024-03-10', 'YYYY-MM-DD')),
(10, 'julia.roberts@email.com', '+250788111010', 'Julia Roberts', TO_DATE('2024-03-15', 'YYYY-MM-DD')),
(11, 'kevin.chen@email.com', '+250788111011', 'Kevin Chen', TO_DATE('2024-03-20', 'YYYY-MM-DD')),
(12, 'lisa.park@email.com', '+250788111012', 'Lisa Park', TO_DATE('2024-03-25', 'YYYY-MM-DD')),
(13, 'michael.jones@email.com', '+250788111013', 'Michael Jones', TO_DATE('2024-04-01', 'YYYY-MM-DD')),
(14, 'nancy.davis@email.com', '+250788111014', 'Nancy Davis', TO_DATE('2024-04-05', 'YYYY-MM-DD')),
(15, 'oliver.taylor@email.com', '+250788111015', 'Oliver Taylor', TO_DATE('2024-04-10', 'YYYY-MM-DD')),
(16, 'patricia.martin@email.com', '+250788111016', 'Patricia Martin', TO_DATE('2024-04-15', 'YYYY-MM-DD')),
(17, 'quentin.lee@email.com', '+250788111017', 'Quentin Lee', TO_DATE('2024-04-20', 'YYYY-MM-DD')),
(18, 'rachel.white@email.com', '+250788111018', 'Rachel White', TO_DATE('2024-04-25', 'YYYY-MM-DD')),
(19, 'samuel.harris@email.com', '+250788111019', 'Samuel Harris', TO_DATE('2024-05-01', 'YYYY-MM-DD')),
(20, 'tina.clark@email.com', '+250788111020', 'Tina Clark', TO_DATE('2024-05-05', 'YYYY-MM-DD')),
(21, 'ugo.mutabazi@email.com', '+250788112021', 'Ugo Mutabazi', TO_DATE('2024-05-10', 'YYYY-MM-DD')),
(22, 'victoire.uwase@email.com', '+250788112022', 'Victoire Uwase', TO_DATE('2024-05-15', 'YYYY-MM-DD')),
(23, 'william.nkusi@email.com', '+250788112023', 'William Nkusi', TO_DATE('2024-05-20', 'YYYY-MM-DD')),
(24, 'xavier.ndayisaba@email.com', '+250788112024', 'Xavier Ndayisaba', TO_DATE('2024-05-25', 'YYYY-MM-DD')),
(25, 'yvonne.mukamana@email.com', '+250788112025', 'Yvonne Mukamana', TO_DATE('2024-06-01', 'YYYY-MM-DD')),
(26, 'zachary.niyomugabo@email.com', '+250788112026', 'Zachary Niyomugabo', TO_DATE('2024-06-05', 'YYYY-MM-DD')),
(27, 'amanda.uwimana@email.com', '+250788112027', 'Amanda Uwimana', TO_DATE('2024-06-10', 'YYYY-MM-DD')),
(28, 'benjamin.habimana@email.com', '+250788112028', 'Benjamin Habimana', TO_DATE('2024-06-15', 'YYYY-MM-DD')),
(29, 'claire.nyirahabimana@email.com', '+250788112029', 'Claire Nyirahabimana', TO_DATE('2024-06-20', 'YYYY-MM-DD')),
(30, 'daniel.munyaneza@email.com', '+250788112030', 'Daniel Munyaneza', TO_DATE('2024-06-25', 'YYYY-MM-DD')),
(31, 'elizabeth.nyiransabimana@email.com', '+250788112031', 'Elizabeth Nyiransabimana', TO_DATE('2024-07-01', 'YYYY-MM-DD')),
(32, 'felix.ndikubwimana@email.com', '+250788112032', 'Felix Ndikubwimana', TO_DATE('2024-07-05', 'YYYY-MM-DD')),
(33, 'grace.nyiraneza@email.com', '+250788112033', 'Grace Nyiraneza', TO_DATE('2024-07-10', 'YYYY-MM-DD')),
(34, 'henry.tuyishime@email.com', '+250788112034', 'Henry Tuyishime', TO_DATE('2024-07-15', 'YYYY-MM-DD')),
(35, 'irene.umutoni@email.com', '+250788112035', 'Irene Umutoni', TO_DATE('2024-07-20', 'YYYY-MM-DD')),
(36, 'jack.ngabonziza@email.com', '+250788112036', 'Jack Ngabonziza', TO_DATE('2024-07-25', 'YYYY-MM-DD')),
(37, 'karen.mukamusoni@email.com', '+250788112037', 'Karen Mukamusoni', TO_DATE('2024-08-01', 'YYYY-MM-DD')),
(38, 'leo.ndahiro@email.com', '+250788112038', 'Leo Ndahiro', TO_DATE('2024-08-05', 'YYYY-MM-DD')),
(39, 'monica.nyirabihogo@email.com', '+250788112039', 'Monica Nyirabihogo', TO_DATE('2024-08-10', 'YYYY-MM-DD')),
(40, 'nathan.muvunyi@email.com', '+250788112040', 'Nathan Muvunyi', TO_DATE('2024-08-15', 'YYYY-MM-DD')),
(41, 'olivia.ingabire@email.com', '+250788112041', 'Olivia Ingabire', TO_DATE('2024-08-20', 'YYYY-MM-DD')),
(42, 'peter.nshuti@email.com', '+250788112042', 'Peter Nshuti', TO_DATE('2024-08-25', 'YYYY-MM-DD')),
(43, 'queen.nyampinga@email.com', '+250788112043', 'Queen Nyampinga', TO_DATE('2024-09-01', 'YYYY-MM-DD')),
(44, 'ronald.rutayisire@email.com', '+250788112044', 'Ronald Rutayisire', TO_DATE('2024-09-05', 'YYYY-MM-DD')),
(45, 'sarah.nyirakankindi@email.com', '+250788112045', 'Sarah Nyirakankindi', TO_DATE('2024-09-10', 'YYYY-MM-DD')),
(46, 'thomas.nkurunziza@email.com', '+250788112046', 'Thomas Nkurunziza', TO_DATE('2024-09-15', 'YYYY-MM-DD')),
(47, 'ursula.mukantwari@email.com', '+250788112047', 'Ursula Mukantwari', TO_DATE('2024-09-20', 'YYYY-MM-DD')),
(48, 'vincent.rwigamba@email.com', '+250788112048', 'Vincent Rwigamba', TO_DATE('2024-09-25', 'YYYY-MM-DD')),
(49, 'winnie.mutesi@email.com', '+250788112049', 'Winnie Mutesi', TO_DATE('2024-10-01', 'YYYY-MM-DD')),
(50, 'xander.niyonsenga@email.com', '+250788112050', 'Xander Niyonsenga', TO_DATE('2024-10-05', 'YYYY-MM-DD'));
INSERT INTO clients (client_id, email, phone_number, full_name, registration_date) VALUES
(101, 'walter.mugisha@email.com', '+250788114101', 'Walter Mugisha', TO_DATE('2025-05-30', 'YYYY-MM-DD')),
(102, 'xaviera.nyirandikubwimana@email.com', '+250788114102', 'Xaviera Nyirandikubwimana', TO_DATE('2025-06-01', 'YYYY-MM-DD')),
(103, 'yannick.ndayishimiye@email.com', '+250788114103', 'Yannick Ndayishimiye', TO_DATE('2025-06-05', 'YYYY-MM-DD')),
(104, 'zara.mukamana@email.com', '+250788114104', 'Zara Mukamana', TO_DATE('2025-06-10', 'YYYY-MM-DD')),
(105, 'abraham.ntaganzwa@email.com', '+250788114105', 'Abraham Ntaganzwa', TO_DATE('2025-06-15', 'YYYY-MM-DD')),
(106, 'bridget.nyirabazungu@email.com', '+250788114106', 'Bridget Nyirabazungu', TO_DATE('2025-06-20', 'YYYY-MM-DD')),
(107, 'cyrus.mugenzi@email.com', '+250788114107', 'Cyrus Mugenzi', TO_DATE('2025-06-25', 'YYYY-MM-DD')),
(108, 'deborah.nyirahabimana@email.com', '+250788114108', 'Deborah Nyirahabimana', TO_DATE('2025-06-30', 'YYYY-MM-DD')),
(109, 'elijah.ndagijimana@email.com', '+250788114109', 'Elijah Ndagijimana', TO_DATE('2025-07-01', 'YYYY-MM-DD')),
(110, 'faith.nyiranirutega@email.com', '+250788114110', 'Faith Nyiranirutega', TO_DATE('2025-07-05', 'YYYY-MM-DD')),
(111, 'gideon.muhire@email.com', '+250788114111', 'Gideon Muhire', TO_DATE('2025-07-10', 'YYYY-MM-DD')),
(112, 'hope.nyirakiza@email.com', '+250788114112', 'Hope Nyirakiza', TO_DATE('2025-07-15', 'YYYY-MM-DD')),
(113, 'isaiah.ntaganira@email.com', '+250788114113', 'Isaiah Ntaganira', TO_DATE('2025-07-20', 'YYYY-MM-DD')),
(114, 'joy.umuhire@email.com', '+250788114114', 'Joy Umuhire', TO_DATE('2025-07-25', 'YYYY-MM-DD')),
(115, 'kaleb.rutagengwa@email.com', '+250788114115', 'Kaleb Rutagengwa', TO_DATE('2025-07-30', 'YYYY-MM-DD')),
(116, 'lydia.nyampinga@email.com', '+250788114116', 'Lydia Nyampinga', TO_DATE('2025-08-01', 'YYYY-MM-DD')),
(117, 'matthew.mbarushimana@email.com', '+250788114117', 'Matthew Mbarushimana', TO_DATE('2025-08-05', 'YYYY-MM-DD')),
(118, 'naomi.niyibizi@email.com', '+250788114118', 'Naomi Niyibizi', TO_DATE('2025-08-10', 'YYYY-MM-DD')),
(119, 'obed.nyirabagenzi@email.com', '+250788114119', 'Obed Nyirabagenzi', TO_DATE('2025-08-15', 'YYYY-MM-DD')),
(120, 'prudence.munyentwali@email.com', '+250788114120', 'Prudence Munyentwali', TO_DATE('2025-08-20', 'YYYY-MM-DD')),
(121, 'quincy.mukansanga@email.com', '+250788114121', 'Quincy Mukansanga', TO_DATE('2025-08-25', 'YYYY-MM-DD')),
(122, 'rachel.niyigena@email.com', '+250788114122', 'Rachel Niyigena', TO_DATE('2025-08-30', 'YYYY-MM-DD')),
(123, 'samson.ndayishimiye@email.com', '+250788114123', 'Samson Ndayishimiye', TO_DATE('2025-09-01', 'YYYY-MM-DD')),
(124, 'tabitha.mukandori@email.com', '+250788114124', 'Tabitha Mukandori', TO_DATE('2025-09-05', 'YYYY-MM-DD')),
(125, 'uriel.rutayisire@email.com', '+250788114125', 'Uriel Rutayisire', TO_DATE('2025-09-10', 'YYYY-MM-DD')),
(126, 'veronica.nyirandikubwimana@email.com', '+250788114126', 'Veronica Nyirandikubwimana', TO_DATE('2025-09-15', 'YYYY-MM-DD')),
(127, 'wesley.ndizeye@email.com', '+250788114127', 'Wesley Ndizeye', TO_DATE('2025-09-20', 'YYYY-MM-DD')),
(128, 'xena.mukandayisenga@email.com', '+250788114128', 'Xena Mukandayisenga', TO_DATE('2025-09-25', 'YYYY-MM-DD')),
(129, 'yosef.nkurikiyimana@email.com', '+250788114129', 'Yosef Nkurikiyimana', TO_DATE('2025-09-30', 'YYYY-MM-DD')),
(130, 'zachariah.nyiraneza@email.com', '+250788114130', 'Zachariah Nyiraneza', TO_DATE('2025-10-01', 'YYYY-MM-DD')),
(131, 'amber.muvandimwe@email.com', '+250788114131', 'Amber Muvandimwe', TO_DATE('2025-10-05', 'YYYY-MM-DD')),
(132, 'blake.nyirabahire@email.com', '+250788114132', 'Blake Nyirabahire', TO_DATE('2025-10-10', 'YYYY-MM-DD')),
(133, 'cameron.ndahayo@email.com', '+250788114133', 'Cameron Ndahayo', TO_DATE('2025-10-15', 'YYYY-MM-DD')),
(134, 'dakota.mukamugema@email.com', '+250788114134', 'Dakota Mukamugema', TO_DATE('2025-10-20', 'YYYY-MM-DD')),
(135, 'eden.nyandwi@email.com', '+250788114135', 'Eden Nyandwi', TO_DATE('2025-10-25', 'YYYY-MM-DD')),
(136, 'finley.nyirabaziga@email.com', '+250788114136', 'Finley Nyirabaziga', TO_DATE('2025-10-30', 'YYYY-MM-DD')),
(137, 'gray.ndayambaje@email.com', '+250788114137', 'Gray Ndayambaje', TO_DATE('2025-11-01', 'YYYY-MM-DD')),
(138, 'harley.mukamurenzi@email.com', '+250788114138', 'Harley Mukamurenzi', TO_DATE('2025-11-05', 'YYYY-MM-DD')),
(139, 'indigo.nshimiyimana@email.com', '+250788114139', 'Indigo Nshimiyimana', TO_DATE('2025-11-10', 'YYYY-MM-DD')),
(140, 'jordan.nyirahabimana@email.com', '+250788114140', 'Jordan Nyirahabimana', TO_DATE('2025-11-15', 'YYYY-MM-DD')),
(141, 'kendall.munyaneza@email.com', '+250788114141', 'Kendall Munyaneza', TO_DATE('2025-11-20', 'YYYY-MM-DD')),
(142, 'lennon.nyirandinda@email.com', '+250788114142', 'Lennon Nyirandinda', TO_DATE('2025-11-25', 'YYYY-MM-DD')),
(143, 'morgan.rutikanga@email.com', '+250788114143', 'Morgan Rutikanga', TO_DATE('2025-11-30', 'YYYY-MM-DD')),
(144, 'nash.nyirabihogo@email.com', '+250788114144', 'Nash Nyirabihogo', TO_DATE('2025-12-01', 'YYYY-MM-DD')),
(145, 'oliver.muvunyi@email.com', '+250788114145', 'Oliver Muvunyi', TO_DATE('2025-12-05', 'YYYY-MM-DD')),
(146, 'parker.nyirabazungu@email.com', '+250788114146', 'Parker Nyirabazungu', TO_DATE('2025-12-10', 'YYYY-MM-DD')),
(147, 'quinn.ndahindurwa@email.com', '+250788114147', 'Quinn Ndahindurwa', TO_DATE('2025-12-15', 'YYYY-MM-DD')),
(148, 'riley.mukamana@email.com', '+250788114148', 'Riley Mukamana', TO_DATE('2025-12-20', 'YYYY-MM-DD')),
(149, 'sawyer.mugisha@email.com', '+250788114149', 'Sawyer Mugisha', TO_DATE('2025-12-25', 'YYYY-MM-DD')),
(150, 'taylor.nyirandikubwimana@email.com', '+250788114150', 'Taylor Nyirandikubwimana', TO_DATE('2025-12-30', 'YYYY-MM-DD'));
INSERT INTO clients (client_id, email, phone_number, full_name, registration_date) VALUES
(101, 'walter.mugisha@email.com', '+250788114101', 'Walter Mugisha', TO_DATE('2025-05-30', 'YYYY-MM-DD')),
(102, 'xaviera.nyirandikubwimana@email.com', '+250788114102', 'Xaviera Nyirandikubwimana', TO_DATE('2025-06-01', 'YYYY-MM-DD')),
(103, 'yannick.ndayishimiye@email.com', '+250788114103', 'Yannick Ndayishimiye', TO_DATE('2025-06-05', 'YYYY-MM-DD')),
(104, 'zara.mukamana@email.com', '+250788114104', 'Zara Mukamana', TO_DATE('2025-06-10', 'YYYY-MM-DD')),
(105, 'abraham.ntaganzwa@email.com', '+250788114105', 'Abraham Ntaganzwa', TO_DATE('2025-06-15', 'YYYY-MM-DD')),
(106, 'bridget.nyirabazungu@email.com', '+250788114106', 'Bridget Nyirabazungu', TO_DATE('2025-06-20', 'YYYY-MM-DD')),
(107, 'cyrus.mugenzi@email.com', '+250788114107', 'Cyrus Mugenzi', TO_DATE('2025-06-25', 'YYYY-MM-DD')),
(108, 'deborah.nyirahabimana@email.com', '+250788114108', 'Deborah Nyirahabimana', TO_DATE('2025-06-30', 'YYYY-MM-DD')),
(109, 'elijah.ndagijimana@email.com', '+250788114109', 'Elijah Ndagijimana', TO_DATE('2025-07-01', 'YYYY-MM-DD')),
(110, 'faith.nyiranirutega@email.com', '+250788114110', 'Faith Nyiranirutega', TO_DATE('2025-07-05', 'YYYY-MM-DD')),
(111, 'gideon.muhire@email.com', '+250788114111', 'Gideon Muhire', TO_DATE('2025-07-10', 'YYYY-MM-DD')),
(112, 'hope.nyirakiza@email.com', '+250788114112', 'Hope Nyirakiza', TO_DATE('2025-07-15', 'YYYY-MM-DD')),
(113, 'isaiah.ntaganira@email.com', '+250788114113', 'Isaiah Ntaganira', TO_DATE('2025-07-20', 'YYYY-MM-DD')),
(114, 'joy.umuhire@email.com', '+250788114114', 'Joy Umuhire', TO_DATE('2025-07-25', 'YYYY-MM-DD')),
(115, 'kaleb.rutagengwa@email.com', '+250788114115', 'Kaleb Rutagengwa', TO_DATE('2025-07-30', 'YYYY-MM-DD')),
(116, 'lydia.nyampinga@email.com', '+250788114116', 'Lydia Nyampinga', TO_DATE('2025-08-01', 'YYYY-MM-DD')),
(117, 'matthew.mbarushimana@email.com', '+250788114117', 'Matthew Mbarushimana', TO_DATE('2025-08-05', 'YYYY-MM-DD')),
(118, 'naomi.niyibizi@email.com', '+250788114118', 'Naomi Niyibizi', TO_DATE('2025-08-10', 'YYYY-MM-DD')),
(119, 'obed.nyirabagenzi@email.com', '+250788114119', 'Obed Nyirabagenzi', TO_DATE('2025-08-15', 'YYYY-MM-DD')),
(120, 'prudence.munyentwali@email.com', '+250788114120', 'Prudence Munyentwali', TO_DATE('2025-08-20', 'YYYY-MM-DD')),
(121, 'quincy.mukansanga@email.com', '+250788114121', 'Quincy Mukansanga', TO_DATE('2025-08-25', 'YYYY-MM-DD')),
(122, 'rachel.niyigena@email.com', '+250788114122', 'Rachel Niyigena', TO_DATE('2025-08-30', 'YYYY-MM-DD')),
(123, 'samson.ndayishimiye@email.com', '+250788114123', 'Samson Ndayishimiye', TO_DATE('2025-09-01', 'YYYY-MM-DD')),
(124, 'tabitha.mukandori@email.com', '+250788114124', 'Tabitha Mukandori', TO_DATE('2025-09-05', 'YYYY-MM-DD')),
(125, 'uriel.rutayisire@email.com', '+250788114125', 'Uriel Rutayisire', TO_DATE('2025-09-10', 'YYYY-MM-DD')),
(126, 'veronica.nyirandikubwimana@email.com', '+250788114126', 'Veronica Nyirandikubwimana', TO_DATE('2025-09-15', 'YYYY-MM-DD')),
(127, 'wesley.ndizeye@email.com', '+250788114127', 'Wesley Ndizeye', TO_DATE('2025-09-20', 'YYYY-MM-DD')),
(128, 'xena.mukandayisenga@email.com', '+250788114128', 'Xena Mukandayisenga', TO_DATE('2025-09-25', 'YYYY-MM-DD')),
(129, 'yosef.nkurikiyimana@email.com', '+250788114129', 'Yosef Nkurikiyimana', TO_DATE('2025-09-30', 'YYYY-MM-DD')),
(130, 'zachariah.nyiraneza@email.com', '+250788114130', 'Zachariah Nyiraneza', TO_DATE('2025-10-01', 'YYYY-MM-DD')),
(131, 'amber.muvandimwe@email.com', '+250788114131', 'Amber Muvandimwe', TO_DATE('2025-10-05', 'YYYY-MM-DD')),
(132, 'blake.nyirabahire@email.com', '+250788114132', 'Blake Nyirabahire', TO_DATE('2025-10-10', 'YYYY-MM-DD')),
(133, 'cameron.ndahayo@email.com', '+250788114133', 'Cameron Ndahayo', TO_DATE('2025-10-15', 'YYYY-MM-DD')),
(134, 'dakota.mukamugema@email.com', '+250788114134', 'Dakota Mukamugema', TO_DATE('2025-10-20', 'YYYY-MM-DD')),
(135, 'eden.nyandwi@email.com', '+250788114135', 'Eden Nyandwi', TO_DATE('2025-10-25', 'YYYY-MM-DD')),
(136, 'finley.nyirabaziga@email.com', '+250788114136', 'Finley Nyirabaziga', TO_DATE('2025-10-30', 'YYYY-MM-DD')),
(137, 'gray.ndayambaje@email.com', '+250788114137', 'Gray Ndayambaje', TO_DATE('2025-11-01', 'YYYY-MM-DD')),
(138, 'harley.mukamurenzi@email.com', '+250788114138', 'Harley Mukamurenzi', TO_DATE('2025-11-05', 'YYYY-MM-DD')),
(139, 'indigo.nshimiyimana@email.com', '+250788114139', 'Indigo Nshimiyimana', TO_DATE('2025-11-10', 'YYYY-MM-DD')),
(140, 'jordan.nyirahabimana@email.com', '+250788114140', 'Jordan Nyirahabimana', TO_DATE('2025-11-15', 'YYYY-MM-DD')),
(141, 'kendall.munyaneza@email.com', '+250788114141', 'Kendall Munyaneza', TO_DATE('2025-11-20', 'YYYY-MM-DD')),
(142, 'lennon.nyirandinda@email.com', '+250788114142', 'Lennon Nyirandinda', TO_DATE('2025-11-25', 'YYYY-MM-DD')),
(143, 'morgan.rutikanga@email.com', '+250788114143', 'Morgan Rutikanga', TO_DATE('2025-11-30', 'YYYY-MM-DD')),
(144, 'nash.nyirabihogo@email.com', '+250788114144', 'Nash Nyirabihogo', TO_DATE('2025-12-01', 'YYYY-MM-DD')),
(145, 'oliver.muvunyi@email.com', '+250788114145', 'Oliver Muvunyi', TO_DATE('2025-12-05', 'YYYY-MM-DD')),
(146, 'parker.nyirabazungu@email.com', '+250788114146', 'Parker Nyirabazungu', TO_DATE('2025-12-10', 'YYYY-MM-DD')),
(147, 'quinn.ndahindurwa@email.com', '+250788114147', 'Quinn Ndahindurwa', TO_DATE('2025-12-15', 'YYYY-MM-DD')),
(148, 'riley.mukamana@email.com', '+250788114148', 'Riley Mukamana', TO_DATE('2025-12-20', 'YYYY-MM-DD')),
(149, 'sawyer.mugisha@email.com', '+250788114149', 'Sawyer Mugisha', TO_DATE('2025-12-25', 'YYYY-MM-DD')),
(150, 'taylor.nyirandikubwimana@email.com', '+250788114150', 'Taylor Nyirandikubwimana', TO_DATE('2025-12-30', 'YYYY-MM-DD'));
-- inserting in reservation table
 INSERT INTO reservation (reservation_id, client_id, schedule_id, reservation_date, seats_count, total_amount, status) VALUES
  2  (1, 3, 1, TO_DATE('2025-11-25', 'YYYY-MM-DD'), 2, 10000.00, 'CONFIRMED'),
  3  (2, 5, 1, TO_DATE('2025-11-25', 'YYYY-MM-DD'), 1, 5000.00, 'CONFIRMED'),
  4  (3, 7, 2, TO_DATE('2025-11-25', 'YYYY-MM-DD'), 3, 18000.00, 'CONFIRMED'),
  5  (4, 9, 2, TO_DATE('2025-11-26', 'YYYY-MM-DD'), 2, 12000.00, 'CONFIRMED'),
  6  (5, 11, 3, TO_DATE('2025-11-26', 'YYYY-MM-DD'), 1, 7000.00, 'CONFIRMED'),
  7  (6, 13, 3, TO_DATE('2025-11-26', 'YYYY-MM-DD'), 4, 28000.00, 'CONFIRMED'),
  8  (7, 15, 4, TO_DATE('2025-11-27', 'YYYY-MM-DD'), 2, 16000.00, 'CANCELLED'),
  9  (8, 17, 4, TO_DATE('2025-11-27', 'YYYY-MM-DD'), 1, 8000.00, 'CONFIRMED'),
 10  (9, 19, 5, TO_DATE('2025-11-27', 'YYYY-MM-DD'), 3, 15000.00, 'CONFIRMED'),
 11  (10, 21, 5, TO_DATE('2025-11-28', 'YYYY-MM-DD'), 2, 10000.00, 'CONFIRMED'),
 12  (11, 23, 6, TO_DATE('2025-11-28', 'YYYY-MM-DD'), 1, 3000.00, 'CONFIRMED'),
 13  (12, 25, 6, TO_DATE('2025-11-28', 'YYYY-MM-DD'), 5, 15000.00, 'CONFIRMED'),
 14  (13, 27, 7, TO_DATE('2025-11-29', 'YYYY-MM-DD'), 2, 12000.00, 'CONFIRMED'),
 15  (14, 29, 7, TO_DATE('2025-11-29', 'YYYY-MM-DD'), 1, 6000.00, 'CANCELLED'),
 16  (15, 31, 8, TO_DATE('2025-11-29', 'YYYY-MM-DD'), 3, 6000.00, 'CONFIRMED'),
 17  (16, 33, 8, TO_DATE('2025-11-30', 'YYYY-MM-DD'), 2, 4000.00, 'CONFIRMED'),
 18  (17, 35, 9, TO_DATE('2025-11-30', 'YYYY-MM-DD'), 1, 7000.00, 'CONFIRMED'),
 19  (18, 37, 9, TO_DATE('2025-11-30', 'YYYY-MM-DD'), 4, 28000.00, 'CONFIRMED'),
 20  (19, 39, 10, TO_DATE('2025-12-01', 'YYYY-MM-DD'), 2, 6000.00, 'CONFIRMED'),
 21  (20, 41, 10, TO_DATE('2025-12-01', 'YYYY-MM-DD'), 1, 3000.00, 'CONFIRMED'),
 22  (21, 43, 11, TO_DATE('2025-12-01', 'YYYY-MM-DD'), 3, 24000.00, 'CONFIRMED'),
 23  (22, 45, 11, TO_DATE('2025-12-02', 'YYYY-MM-DD'), 2, 16000.00, 'CONFIRMED'),
 24  (23, 47, 12, TO_DATE('2025-12-02', 'YYYY-MM-DD'), 1, 5500.00, 'CONFIRMED'),
 25  (24, 49, 12, TO_DATE('2025-12-02', 'YYYY-MM-DD'), 6, 33000.00, 'CONFIRMED'),
 26  (25, 51, 13, TO_DATE('2025-12-03', 'YYYY-MM-DD'), 2, 11000.00, 'CONFIRMED'),
 27  (26, 53, 13, TO_DATE('2025-12-03', 'YYYY-MM-DD'), 1, 5500.00, 'CONFIRMED'),
 28  (27, 55, 14, TO_DATE('2025-12-03', 'YYYY-MM-DD'), 3, 10500.00, 'CANCELLED'),
 29  (28, 57, 14, TO_DATE('2025-12-04', 'YYYY-MM-DD'), 2, 7000.00, 'CONFIRMED'),
 30  (29, 59, 15, TO_DATE('2025-12-04', 'YYYY-MM-DD'), 1, 3500.00, 'CONFIRMED'),
 31  (30, 61, 15, TO_DATE('2025-12-04', 'YYYY-MM-DD'), 4, 14000.00, 'CONFIRMED'),
 32  (31, 63, 16, TO_DATE('2025-12-05', 'YYYY-MM-DD'), 2, 10000.00, 'CONFIRMED'),
 33  (32, 65, 16, TO_DATE('2025-12-05', 'YYYY-MM-DD'), 1, 5000.00, 'CONFIRMED'),
 34  (33, 67, 17, TO_DATE('2025-12-05', 'YYYY-MM-DD'), 3, 18000.00, 'CONFIRMED'),
 35  (34, 69, 17, TO_DATE('2025-12-06', 'YYYY-MM-DD'), 2, 12000.00, 'CONFIRMED'),
 36  (35, 71, 18, TO_DATE('2025-12-06', 'YYYY-MM-DD'), 1, 6000.00, 'CONFIRMED'),
 37  (36, 73, 18, TO_DATE('2025-12-06', 'YYYY-MM-DD'), 5, 30000.00, 'CONFIRMED'),
 38  (37, 75, 19, TO_DATE('2025-12-07', 'YYYY-MM-DD'), 2, 4000.00, 'CONFIRMED'),
 39  (38, 77, 19, TO_DATE('2025-12-07', 'YYYY-MM-DD'), 1, 2000.00, 'CANCELLED'),
 40  (39, 79, 20, TO_DATE('2025-12-07', 'YYYY-MM-DD'), 3, 24000.00, 'CONFIRMED'),
 41  (40, 81, 20, TO_DATE('2025-12-08', 'YYYY-MM-DD'), 2, 16000.00, 'CONFIRMED'),
 42  (41, 83, 21, TO_DATE('2025-12-08', 'YYYY-MM-DD'), 1, 5000.00, 'CONFIRMED'),
 43  (42, 85, 21, TO_DATE('2025-12-08', 'YYYY-MM-DD'), 4, 20000.00, 'CONFIRMED'),
 44  (43, 87, 22, TO_DATE('2025-12-09', 'YYYY-MM-DD'), 2, 10000.00, 'CONFIRMED'),
 45  (44, 89, 22, TO_DATE('2025-12-09', 'YYYY-MM-DD'), 1, 5000.00, 'CONFIRMED'),
 46  (45, 91, 23, TO_DATE('2025-12-09', 'YYYY-MM-DD'), 3, 21000.00, 'CONFIRMED'),
 47  (46, 93, 23, TO_DATE('2025-12-10', 'YYYY-MM-DD'), 2, 14000.00, 'CONFIRMED'),
 48  (47, 95, 24, TO_DATE('2025-12-10', 'YYYY-MM-DD'), 1, 2000.00, 'CONFIRMED'),
 49  (48, 97, 24, TO_DATE('2025-12-10', 'YYYY-MM-DD'), 6, 12000.00, 'CONFIRMED'),
 50  (49, 99, 25, TO_DATE('2025-12-11', 'YYYY-MM-DD'), 2, 16000.00, 'CONFIRMED'),
 51  (50, 101, 25, TO_DATE('2025-12-11', 'YYYY-MM-DD'), 1, 8000.00, 'CONFIRMED'),
 52  (51, 103, 26, TO_DATE('2025-12-11', 'YYYY-MM-DD'), 3, 10500.00, 'CONFIRMED'),
 53  (52, 105, 26, TO_DATE('2025-12-12', 'YYYY-MM-DD'), 2, 7000.00, 'CANCELLED'),
 54  (53, 107, 27, TO_DATE('2025-12-12', 'YYYY-MM-DD'), 1, 5500.00, 'CONFIRMED'),
 55  (54, 109, 27, TO_DATE('2025-12-12', 'YYYY-MM-DD'), 4, 22000.00, 'CONFIRMED'),
 56  (55, 111, 28, TO_DATE('2025-12-13', 'YYYY-MM-DD'), 2, 7000.00, 'CONFIRMED'),
 57  (56, 113, 28, TO_DATE('2025-12-13', 'YYYY-MM-DD'), 1, 3500.00, 'CONFIRMED'),
 58  (57, 115, 29, TO_DATE('2025-12-13', 'YYYY-MM-DD'), 3, 10500.00, 'CONFIRMED'),
 59  (58, 117, 29, TO_DATE('2025-12-14', 'YYYY-MM-DD'), 2, 7000.00, 'CONFIRMED'),
 60  (59, 119, 30, TO_DATE('2025-12-14', 'YYYY-MM-DD'), 1, 5000.00, 'CONFIRMED'),
 61  (60, 121, 30, TO_DATE('2025-12-14', 'YYYY-MM-DD'), 5, 25000.00, 'CONFIRMED'),
 62  (61, 123, 31, TO_DATE('2025-12-15', 'YYYY-MM-DD'), 2, 12000.00, 'CONFIRMED'),
 63  (62, 125, 31, TO_DATE('2025-12-15', 'YYYY-MM-DD'), 1, 6000.00, 'CONFIRMED'),
 64  (63, 127, 32, TO_DATE('2025-12-15', 'YYYY-MM-DD'), 3, 18000.00, 'CONFIRMED'),
 65  (64, 129, 32, TO_DATE('2025-12-16', 'YYYY-MM-DD'), 2, 12000.00, 'CONFIRMED'),
 66  (65, 131, 33, TO_DATE('2025-12-16', 'YYYY-MM-DD'), 1, 2000.00, 'CONFIRMED'),
 67  (66, 133, 33, TO_DATE('2025-12-16', 'YYYY-MM-DD'), 4, 8000.00, 'CONFIRMED'),
 68  (67, 135, 34, TO_DATE('2025-12-17', 'YYYY-MM-DD'), 2, 16000.00, 'CONFIRMED'),
 69  (68, 137, 34, TO_DATE('2025-12-17', 'YYYY-MM-DD'), 1, 8000.00, 'CANCELLED'),
 70  (69, 139, 35, TO_DATE('2025-12-17', 'YYYY-MM-DD'), 3, 24000.00, 'CONFIRMED'),
 71  (70, 141, 35, TO_DATE('2025-12-18', 'YYYY-MM-DD'), 2, 16000.00, 'CONFIRMED'),
 72  (71, 143, 36, TO_DATE('2025-12-18', 'YYYY-MM-DD'), 1, 3000.00, 'CONFIRMED'),
 73  (72, 145, 36, TO_DATE('2025-12-18', 'YYYY-MM-DD'), 5, 15000.00, 'CONFIRMED'),
 74  (73, 147, 37, TO_DATE('2025-12-19', 'YYYY-MM-DD'), 2, 14000.00, 'CONFIRMED'),
 75  (74, 149, 37, TO_DATE('2025-12-19', 'YYYY-MM-DD'), 1, 7000.00, 'CONFIRMED'),
 76  (75, 2, 38, TO_DATE('2025-12-19', 'YYYY-MM-DD'), 3, 6000.00, 'CONFIRMED'),
 77  (76, 4, 38, TO_DATE('2025-12-20', 'YYYY-MM-DD'), 2, 4000.00, 'CONFIRMED'),
 78  (77, 6, 39, TO_DATE('2025-12-20', 'YYYY-MM-DD'), 1, 8000.00, 'CONFIRMED'),
 79  (78, 8, 39, TO_DATE('2025-12-20', 'YYYY-MM-DD'), 4, 32000.00, 'CONFIRMED'),
 80  (79, 10, 40, TO_DATE('2025-12-21', 'YYYY-MM-DD'), 2, 11000.00, 'CONFIRMED'),
 81  (80, 12, 40, TO_DATE('2025-12-21', 'YYYY-MM-DD'), 1, 5500.00, 'CONFIRMED'),
 82  (81, 14, 41, TO_DATE('2025-12-21', 'YYYY-MM-DD'), 3, 16500.00, 'CONFIRMED'),
 83  (82, 16, 41, TO_DATE('2025-12-22', 'YYYY-MM-DD'), 2, 11000.00, 'CONFIRMED'),
 84  (83, 18, 42, TO_DATE('2025-12-22', 'YYYY-MM-DD'), 1, 3500.00, 'CONFIRMED'),
 85  (84, 20, 42, TO_DATE('2025-12-22', 'YYYY-MM-DD'), 6, 21000.00, 'CONFIRMED'),
 86  (85, 22, 43, TO_DATE('2025-12-23', 'YYYY-MM-DD'), 2, 7000.00, 'CONFIRMED'),
 87  (86, 24, 43, TO_DATE('2025-12-23', 'YYYY-MM-DD'), 1, 3500.00, 'CANCELLED'),
 88  (87, 26, 44, TO_DATE('2025-12-23', 'YYYY-MM-DD'), 3, 10500.00, 'CONFIRMED'),
 89  (88, 28, 44, TO_DATE('2025-12-24', 'YYYY-MM-DD'), 2, 7000.00, 'CONFIRMED'),
 90  (89, 30, 45, TO_DATE('2025-12-24', 'YYYY-MM-DD'), 1, 6000.00, 'CONFIRMED'),
 91  (90, 32, 45, TO_DATE('2025-12-24', 'YYYY-MM-DD'), 4, 24000.00, 'CONFIRMED'),
 92  (91, 34, 46, TO_DATE('2025-12-25', 'YYYY-MM-DD'), 2, 6000.00, 'CONFIRMED'),
 93  (92, 36, 46, TO_DATE('2025-12-25', 'YYYY-MM-DD'), 1, 3000.00, 'CONFIRMED'),
 94  (93, 38, 47, TO_DATE('2025-12-25', 'YYYY-MM-DD'), 3, 6000.00, 'CONFIRMED'),
 95  (94, 40, 47, TO_DATE('2025-12-26', 'YYYY-MM-DD'), 2, 4000.00, 'CONFIRMED'),
 96  (95, 42, 48, TO_DATE('2025-12-26', 'YYYY-MM-DD'), 1, 8000.00, 'CONFIRMED'),
 97  (96, 44, 48, TO_DATE('2025-12-26', 'YYYY-MM-DD'), 5, 40000.00, 'CONFIRMED'),
 98  (97, 46, 49, TO_DATE('2025-12-27', 'YYYY-MM-DD'), 2, 7000.00, 'CONFIRMED'),
 99  (98, 48, 49, TO_DATE('2025-12-27', 'YYYY-MM-DD'), 1, 3500.00, 'CONFIRMED'),
100  (99, 50, 50, TO_DATE('2025-12-27', 'YYYY-MM-DD'), 3, 15000.00, 'CONFIRMED'),
101  (100, 52, 50, TO_DATE('2025-12-28', 'YYYY-MM-DD'), 2, 10000.00, 'CONFIRMED');

-- 100 rows created.

SQL> INSERT INTO reservation (reservation_id, client_id, schedule_id, reservation_date, seats_count, total_amount, status) VALUES
  2  (101, 54, 51, TO_DATE('2025-11-28', 'YYYY-MM-DD'), 2, 10000.00, 'CONFIRMED'),
  3  (102, 56, 51, TO_DATE('2025-11-28', 'YYYY-MM-DD'), 1, 5000.00, 'CONFIRMED'),
  4  (103, 58, 52, TO_DATE('2025-11-29', 'YYYY-MM-DD'), 3, 6000.00, 'CONFIRMED'),
  5  (104, 60, 52, TO_DATE('2025-11-29', 'YYYY-MM-DD'), 2, 4000.00, 'CONFIRMED'),
  6  (105, 62, 53, TO_DATE('2025-11-30', 'YYYY-MM-DD'), 1, 8000.00, 'CONFIRMED'),
  7  (106, 64, 53, TO_DATE('2025-11-30', 'YYYY-MM-DD'), 4, 32000.00, 'CONFIRMED'),
  8  (107, 66, 54, TO_DATE('2025-12-01', 'YYYY-MM-DD'), 2, 12000.00, 'CANCELLED'),
  9  (108, 68, 54, TO_DATE('2025-12-01', 'YYYY-MM-DD'), 1, 6000.00, 'CONFIRMED'),
 10  (109, 70, 55, TO_DATE('2025-12-02', 'YYYY-MM-DD'), 3, 21000.00, 'CONFIRMED'),
 11  (110, 72, 55, TO_DATE('2025-12-02', 'YYYY-MM-DD'), 2, 14000.00, 'CONFIRMED'),
 12  (111, 74, 56, TO_DATE('2025-12-03', 'YYYY-MM-DD'), 1, 5500.00, 'CONFIRMED'),
 13  (112, 76, 56, TO_DATE('2025-12-03', 'YYYY-MM-DD'), 5, 27500.00, 'CONFIRMED'),
 14  (113, 78, 57, TO_DATE('2025-12-04', 'YYYY-MM-DD'), 2, 7000.00, 'CONFIRMED'),
 15  (114, 80, 57, TO_DATE('2025-12-04', 'YYYY-MM-DD'), 1, 3500.00, 'CANCELLED'),
 16  (115, 82, 58, TO_DATE('2025-12-05', 'YYYY-MM-DD'), 3, 15000.00, 'CONFIRMED'),
 17  (116, 84, 58, TO_DATE('2025-12-05', 'YYYY-MM-DD'), 2, 10000.00, 'CONFIRMED'),
 18  (117, 86, 59, TO_DATE('2025-12-06', 'YYYY-MM-DD'), 1, 6000.00, 'CONFIRMED'),
 19  (118, 88, 59, TO_DATE('2025-12-06', 'YYYY-MM-DD'), 4, 24000.00, 'CONFIRMED'),
 20  (119, 90, 60, TO_DATE('2025-12-07', 'YYYY-MM-DD'), 2, 10000.00, 'CONFIRMED'),
 21  (120, 92, 60, TO_DATE('2025-12-07', 'YYYY-MM-DD'), 1, 5000.00, 'CONFIRMED'),
 22  (121, 94, 61, TO_DATE('2025-12-08', 'YYYY-MM-DD'), 3, 6000.00, 'CONFIRMED'),
 23  (122, 96, 61, TO_DATE('2025-12-08', 'YYYY-MM-DD'), 2, 4000.00, 'CONFIRMED'),
 24  (123, 98, 62, TO_DATE('2025-12-09', 'YYYY-MM-DD'), 1, 8000.00, 'CONFIRMED'),
 25  (124, 100, 62, TO_DATE('2025-12-09', 'YYYY-MM-DD'), 6, 48000.00, 'CONFIRMED'),
 26  (125, 102, 63, TO_DATE('2025-12-10', 'YYYY-MM-DD'), 2, 11000.00, 'CONFIRMED'),
 27  (126, 104, 63, TO_DATE('2025-12-10', 'YYYY-MM-DD'), 1, 5500.00, 'CONFIRMED'),
 28  (127, 106, 64, TO_DATE('2025-12-11', 'YYYY-MM-DD'), 3, 10500.00, 'CANCELLED'),
 29  (128, 108, 64, TO_DATE('2025-12-11', 'YYYY-MM-DD'), 2, 7000.00, 'CONFIRMED'),
 30  (129, 110, 65, TO_DATE('2025-12-12', 'YYYY-MM-DD'), 1, 6000.00, 'CONFIRMED'),
 31  (130, 112, 65, TO_DATE('2025-12-12', 'YYYY-MM-DD'), 4, 24000.00, 'CONFIRMED'),
 32  (131, 114, 66, TO_DATE('2025-12-13', 'YYYY-MM-DD'), 2, 7000.00, 'CONFIRMED'),
 33  (132, 116, 66, TO_DATE('2025-12-13', 'YYYY-MM-DD'), 1, 3500.00, 'CONFIRMED'),
 34  (133, 118, 67, TO_DATE('2025-12-14', 'YYYY-MM-DD'), 3, 24000.00, 'CONFIRMED'),
 35  (134, 120, 67, TO_DATE('2025-12-14', 'YYYY-MM-DD'), 2, 16000.00, 'CONFIRMED'),
 36  (135, 122, 68, TO_DATE('2025-12-15', 'YYYY-MM-DD'), 1, 5000.00, 'CONFIRMED'),
 37  (136, 124, 68, TO_DATE('2025-12-15', 'YYYY-MM-DD'), 5, 25000.00, 'CONFIRMED'),
 38  (137, 126, 69, TO_DATE('2025-12-16', 'YYYY-MM-DD'), 2, 14000.00, 'CONFIRMED'),
 39  (138, 128, 69, TO_DATE('2025-12-16', 'YYYY-MM-DD'), 1, 7000.00, 'CANCELLED'),
 40  (139, 130, 70, TO_DATE('2025-12-17', 'YYYY-MM-DD'), 3, 10500.00, 'CONFIRMED'),
 41  (140, 132, 70, TO_DATE('2025-12-17', 'YYYY-MM-DD'), 2, 7000.00, 'CONFIRMED'),
 42  (141, 134, 71, TO_DATE('2025-12-18', 'YYYY-MM-DD'), 1, 3500.00, 'CONFIRMED'),
 43  (142, 136, 71, TO_DATE('2025-12-18', 'YYYY-MM-DD'), 4, 14000.00, 'CONFIRMED'),
 44  (143, 138, 72, TO_DATE('2025-12-19', 'YYYY-MM-DD'), 2, 10000.00, 'CONFIRMED'),
 45  (144, 140, 72, TO_DATE('2025-12-19', 'YYYY-MM-DD'), 1, 5000.00, 'CONFIRMED'),
 46  (145, 142, 73, TO_DATE('2025-12-20', 'YYYY-MM-DD'), 3, 18000.00, 'CONFIRMED'),
 47  (146, 144, 73, TO_DATE('2025-12-20', 'YYYY-MM-DD'), 2, 12000.00, 'CONFIRMED'),
 48  (147, 146, 74, TO_DATE('2025-12-21', 'YYYY-MM-DD'), 1, 6000.00, 'CONFIRMED'),
 49  (148, 148, 74, TO_DATE('2025-12-21', 'YYYY-MM-DD'), 6, 36000.00, 'CONFIRMED'),
 50  (149, 150, 75, TO_DATE('2025-12-22', 'YYYY-MM-DD'), 2, 4000.00, 'CONFIRMED'),
 51  (150, 1, 75, TO_DATE('2025-12-22', 'YYYY-MM-DD'), 1, 2000.00, 'CONFIRMED'),
 52  (151, 3, 76, TO_DATE('2025-12-23', 'YYYY-MM-DD'), 3, 24000.00, 'CONFIRMED'),
 53  (152, 5, 76, TO_DATE('2025-12-23', 'YYYY-MM-DD'), 2, 16000.00, 'CONFIRMED'),
 54  (153, 7, 77, TO_DATE('2025-12-24', 'YYYY-MM-DD'), 1, 5500.00, 'CONFIRMED'),
 55  (154, 9, 77, TO_DATE('2025-12-24', 'YYYY-MM-DD'), 4, 22000.00, 'CONFIRMED'),
 56  (155, 11, 78, TO_DATE('2025-12-25', 'YYYY-MM-DD'), 2, 6000.00, 'CONFIRMED'),
 57  (156, 13, 78, TO_DATE('2025-12-25', 'YYYY-MM-DD'), 1, 3000.00, 'CANCELLED'),
 58  (157, 15, 79, TO_DATE('2025-12-26', 'YYYY-MM-DD'), 3, 21000.00, 'CONFIRMED'),
 59  (158, 17, 79, TO_DATE('2025-12-26', 'YYYY-MM-DD'), 2, 14000.00, 'CONFIRMED'),
 60  (159, 19, 80, TO_DATE('2025-12-27', 'YYYY-MM-DD'), 1, 5000.00, 'CONFIRMED'),
 61  (160, 21, 80, TO_DATE('2025-12-27', 'YYYY-MM-DD'), 5, 25000.00, 'CONFIRMED'),
 62  (161, 23, 81, TO_DATE('2025-12-28', 'YYYY-MM-DD'), 2, 16000.00, 'CONFIRMED'),
 63  (162, 25, 81, TO_DATE('2025-12-28', 'YYYY-MM-DD'), 1, 8000.00, 'CONFIRMED'),
 64  (163, 27, 82, TO_DATE('2025-12-29', 'YYYY-MM-DD'), 3, 16500.00, 'CONFIRMED'),
 65  (164, 29, 82, TO_DATE('2025-12-29', 'YYYY-MM-DD'), 2, 11000.00, 'CONFIRMED'),
 66  (165, 31, 83, TO_DATE('2025-12-30', 'YYYY-MM-DD'), 1, 2000.00, 'CONFIRMED'),
 67  (166, 33, 83, TO_DATE('2025-12-30', 'YYYY-MM-DD'), 4, 8000.00, 'CONFIRMED'),
 68  (167, 35, 84, TO_DATE('2025-12-31', 'YYYY-MM-DD'), 2, 7000.00, 'CONFIRMED'),
 69  (168, 37, 84, TO_DATE('2025-12-31', 'YYYY-MM-DD'), 1, 3500.00, 'CANCELLED'),
 70  (169, 39, 85, TO_DATE('2026-01-01', 'YYYY-MM-DD'), 3, 10500.00, 'CONFIRMED'),
 71  (170, 41, 85, TO_DATE('2026-01-01', 'YYYY-MM-DD'), 2, 7000.00, 'CONFIRMED'),
 72  (171, 43, 86, TO_DATE('2026-01-02', 'YYYY-MM-DD'), 1, 6000.00, 'CONFIRMED'),
 73  (172, 45, 86, TO_DATE('2026-01-02', 'YYYY-MM-DD'), 5, 30000.00, 'CONFIRMED'),
 74  (173, 47, 87, TO_DATE('2026-01-03', 'YYYY-MM-DD'), 2, 8000.00, 'CONFIRMED'),
 75  (174, 49, 87, TO_DATE('2026-01-03', 'YYYY-MM-DD'), 1, 4000.00, 'CONFIRMED'),
 76  (175, 51, 88, TO_DATE('2026-01-04', 'YYYY-MM-DD'), 3, 24000.00, 'CONFIRMED'),
 77  (176, 53, 88, TO_DATE('2026-01-04', 'YYYY-MM-DD'), 2, 16000.00, 'CONFIRMED'),
 78  (177, 55, 89, TO_DATE('2026-01-05', 'YYYY-MM-DD'), 1, 5500.00, 'CONFIRMED'),
 79  (178, 57, 89, TO_DATE('2026-01-05', 'YYYY-MM-DD'), 4, 22000.00, 'CONFIRMED'),
 80  (179, 59, 90, TO_DATE('2026-01-06', 'YYYY-MM-DD'), 2, 4000.00, 'CONFIRMED'),
 81  (180, 61, 90, TO_DATE('2026-01-06', 'YYYY-MM-DD'), 1, 2000.00, 'CONFIRMED'),
 82  (181, 63, 91, TO_DATE('2026-01-07', 'YYYY-MM-DD'), 3, 16500.00, 'CONFIRMED'),
 83  (182, 65, 91, TO_DATE('2026-01-07', 'YYYY-MM-DD'), 2, 11000.00, 'CONFIRMED'),
 84  (183, 67, 92, TO_DATE('2026-01-08', 'YYYY-MM-DD'), 1, 3000.00, 'CONFIRMED'),
 85  (184, 69, 92, TO_DATE('2026-01-08', 'YYYY-MM-DD'), 6, 18000.00, 'CONFIRMED'),
 86  (185, 71, 93, TO_DATE('2026-01-09', 'YYYY-MM-DD'), 2, 14000.00, 'CONFIRMED'),
 87  (186, 73, 93, TO_DATE('2026-01-09', 'YYYY-MM-DD'), 1, 7000.00, 'CANCELLED'),
 88  (187, 75, 94, TO_DATE('2026-01-10', 'YYYY-MM-DD'), 3, 10500.00, 'CONFIRMED'),
 89  (188, 77, 94, TO_DATE('2026-01-10', 'YYYY-MM-DD'), 2, 7000.00, 'CONFIRMED'),
 90  (189, 79, 95, TO_DATE('2026-01-11', 'YYYY-MM-DD'), 1, 3500.00, 'CONFIRMED'),
 91  (190, 81, 95, TO_DATE('2026-01-11', 'YYYY-MM-DD'), 4, 14000.00, 'CONFIRMED'),
 92  (191, 83, 96, TO_DATE('2026-01-12', 'YYYY-MM-DD'), 2, 10000.00, 'CONFIRMED'),
 93  (192, 85, 96, TO_DATE('2026-01-12', 'YYYY-MM-DD'), 1, 5000.00, 'CONFIRMED'),
 94  (193, 87, 97, TO_DATE('2026-01-13', 'YYYY-MM-DD'), 3, 10500.00, 'CONFIRMED'),
 95  (194, 89, 97, TO_DATE('2026-01-13', 'YYYY-MM-DD'), 2, 7000.00, 'CONFIRMED'),
 96  (195, 91, 98, TO_DATE('2026-01-14', 'YYYY-MM-DD'), 1, 5000.00, 'CONFIRMED'),
 97  (196, 93, 98, TO_DATE('2026-01-14', 'YYYY-MM-DD'), 5, 25000.00, 'CONFIRMED'),
 98  (197, 95, 99, TO_DATE('2026-01-15', 'YYYY-MM-DD'), 2, 11000.00, 'CONFIRMED'),
 99  (198, 97, 99, TO_DATE('2026-01-15', 'YYYY-MM-DD'), 1, 5500.00, 'CONFIRMED'),
100  (199, 99, 100, TO_DATE('2026-01-16', 'YYYY-MM-DD'), 3, 15000.00, 'CONFIRMED'),
101  (200, 101, 100, TO_DATE('2026-01-16', 'YYYY-MM-DD'), 2, 10000.00, 'CONFIRMED');
--  inserting into tickets table
INSERT INTO ticket (ticket_id, reservation_id, client_id, schedule_id, seat_number, issue_date) VALUES
-- Tickets for reservation_id 1 (2 seats)
(1, 1, 3, 1, 'A1', TO_DATE('2025-11-25', 'YYYY-MM-DD')),
(2, 1, 3, 1, 'A2', TO_DATE('2025-11-25', 'YYYY-MM-DD')),
-- Tickets for reservation_id 2 (1 seat)
(3, 2, 5, 1, 'B3', TO_DATE('2025-11-25', 'YYYY-MM-DD')),
-- Tickets for reservation_id 3 (3 seats)
(4, 3, 7, 2, 'C1', TO_DATE('2025-11-25', 'YYYY-MM-DD')),
(5, 3, 7, 2, 'C2', TO_DATE('2025-11-25', 'YYYY-MM-DD')),
(6, 3, 7, 2, 'C3', TO_DATE('2025-11-25', 'YYYY-MM-DD')),
-- Tickets for reservation_id 4 (2 seats)
(7, 4, 9, 2, 'D4', TO_DATE('2025-11-26', 'YYYY-MM-DD')),
(8, 4, 9, 2, 'D5', TO_DATE('2025-11-26', 'YYYY-MM-DD')),
-- Tickets for reservation_id 5 (1 seat)
(9, 5, 11, 3, 'E6', TO_DATE('2025-11-26', 'YYYY-MM-DD')),
-- Tickets for reservation_id 6 (4 seats)
(10, 6, 13, 3, 'F1', TO_DATE('2025-11-26', 'YYYY-MM-DD')),
(11, 6, 13, 3, 'F2', TO_DATE('2025-11-26', 'YYYY-MM-DD')),
(12, 6, 13, 3, 'F3', TO_DATE('2025-11-26', 'YYYY-MM-DD')),
(13, 6, 13, 3, 'F4', TO_DATE('2025-11-26', 'YYYY-MM-DD')),
-- Tickets for reservation_id 7 (2 seats - CANCELLED, no tickets)
-- Tickets for reservation_id 8 (1 seat)
(14, 8, 17, 4, 'G5', TO_DATE('2025-11-27', 'YYYY-MM-DD')),
-- Tickets for reservation_id 9 (3 seats)
(15, 9, 19, 5, 'H1', TO_DATE('2025-11-27', 'YYYY-MM-DD')),
(16, 9, 19, 5, 'H2', TO_DATE('2025-11-27', 'YYYY-MM-DD')),
(17, 9, 19, 5, 'H3', TO_DATE('2025-11-27', 'YYYY-MM-DD')),
-- Tickets for reservation_id 10 (2 seats)
(18, 10, 21, 5, 'I4', TO_DATE('2025-11-28', 'YYYY-MM-DD')),
(19, 10, 21, 5, 'I5', TO_DATE('2025-11-28', 'YYYY-MM-DD')),
-- Continue creating tickets for reservations 11-50...
-- Tickets for reservation_id 11 (1 seat)
(20, 11, 23, 6, 'J6', TO_DATE('2025-11-28', 'YYYY-MM-DD')),
-- Tickets for reservation_id 12 (5 seats)
(21, 12, 25, 6, 'K1', TO_DATE('2025-11-28', 'YYYY-MM-DD')),
(22, 12, 25, 6, 'K2', TO_DATE('2025-11-28', 'YYYY-MM-DD')),
(23, 12, 25, 6, 'K3', TO_DATE('2025-11-28', 'YYYY-MM-DD')),
(24, 12, 25, 6, 'K4', TO_DATE('2025-11-28', 'YYYY-MM-DD')),
(25, 12, 25, 6, 'K5', TO_DATE('2025-11-28', 'YYYY-MM-DD')),
-- Tickets for reservation_id 13 (2 seats)
(26, 13, 27, 7, 'L6', TO_DATE('2025-11-29', 'YYYY-MM-DD')),
(27, 13, 27, 7, 'M1', TO_DATE('2025-11-29', 'YYYY-MM-DD')),
-- Tickets for reservation_id 14 (1 seat - CANCELLED, no tickets)
-- Tickets for reservation_id 15 (3 seats)
(28, 15, 31, 8, 'N2', TO_DATE('2025-11-29', 'YYYY-MM-DD')),
(29, 15, 31, 8, 'N3', TO_DATE('2025-11-29', 'YYYY-MM-DD')),
(30, 15, 31, 8, 'N4', TO_DATE('2025-11-29', 'YYYY-MM-DD')),
-- Continue pattern for remaining reservations...
-- Creating sample tickets for reservations 16-25
(31, 16, 33, 8, 'O5', TO_DATE('2025-11-30', 'YYYY-MM-DD')),
(32, 16, 33, 8, 'O6', TO_DATE('2025-11-30', 'YYYY-MM-DD')),
(33, 17, 35, 9, 'P1', TO_DATE('2025-11-30', 'YYYY-MM-DD')),
(34, 18, 37, 9, 'Q2', TO_DATE('2025-11-30', 'YYYY-MM-DD')),
(35, 18, 37, 9, 'Q3', TO_DATE('2025-11-30', 'YYYY-MM-DD')),
(36, 18, 37, 9, 'Q4', TO_DATE('2025-11-30', 'YYYY-MM-DD')),
(37, 18, 37, 9, 'Q5', TO_DATE('2025-11-30', 'YYYY-MM-DD')),
(38, 19, 39, 10, 'R6', TO_DATE('2025-12-01', 'YYYY-MM-DD')),
(39, 19, 39, 10, 'S1', TO_DATE('2025-12-01', 'YYYY-MM-DD')),
(40, 20, 41, 10, 'T2', TO_DATE('2025-12-01', 'YYYY-MM-DD')),
-- Continue creating more tickets...
-- Sample tickets for reservations 26-50
(41, 26, 53, 13, 'U3', TO_DATE('2025-12-03', 'YYYY-MM-DD')),
(42, 28, 57, 14, 'V4', TO_DATE('2025-12-04', 'YYYY-MM-DD')),
(43, 28, 57, 14, 'V5', TO_DATE('2025-12-04', 'YYYY-MM-DD')),
(44, 29, 59, 15, 'W6', TO_DATE('2025-12-04', 'YYYY-MM-DD')),
(45, 30, 61, 15, 'X1', TO_DATE('2025-12-04', 'YYYY-MM-DD')),
(46, 30, 61, 15, 'X2', TO_DATE('2025-12-04', 'YYYY-MM-DD')),
(47, 30, 61, 15, 'X3', TO_DATE('2025-12-04', 'YYYY-MM-DD')),
(48, 30, 61, 15, 'X4', TO_DATE('2025-12-04', 'YYYY-MM-DD')),
(49, 31, 63, 16, 'Y5', TO_DATE('2025-12-05', 'YYYY-MM-DD')),
(50, 31, 63, 16, 'Y6', TO_DATE('2025-12-05', 'YYYY-MM-DD')),
-- Creating tickets for reservation 101-200 (sample selection)
(51, 101, 54, 51, 'Z1', TO_DATE('2025-11-28', 'YYYY-MM-DD')),
(52, 101, 54, 51, 'Z2', TO_DATE('2025-11-28', 'YYYY-MM-DD')),
(53, 102, 56, 51, 'A10', TO_DATE('2025-11-28', 'YYYY-MM-DD')),
(54, 103, 58, 52, 'B10', TO_DATE('2025-11-29', 'YYYY-MM-DD')),
(55, 103, 58, 52, 'B11', TO_DATE('2025-11-29', 'YYYY-MM-DD')),
(56, 103, 58, 52, 'B12', TO_DATE('2025-11-29', 'YYYY-MM-DD')),
(57, 104, 60, 52, 'C10', TO_DATE('2025-11-29', 'YYYY-MM-DD')),
(58, 104, 60, 52, 'C11', TO_DATE('2025-11-29', 'YYYY-MM-DD')),
(59, 105, 62, 53, 'D10', TO_DATE('2025-11-30', 'YYYY-MM-DD')),
(60, 106, 64, 53, 'E10', TO_DATE('2025-11-30', 'YYYY-MM-DD')),
(61, 106, 64, 53, 'E11', TO_DATE('2025-11-30', 'YYYY-MM-DD')),
(62, 106, 64, 53, 'E12', TO_DATE('2025-11-30', 'YYYY-MM-DD')),
(63, 106, 64, 53, 'E13', TO_DATE('2025-11-30', 'YYYY-MM-DD')),
-- Continue pattern for more reservations...
(64, 110, 72, 55, 'F10', TO_DATE('2025-12-02', 'YYYY-MM-DD')),
(65, 110, 72, 55, 'F11', TO_DATE('2025-12-02', 'YYYY-MM-DD')),
(66, 111, 74, 56, 'G10', TO_DATE('2025-12-03', 'YYYY-MM-DD')),
(67, 112, 76, 56, 'H10', TO_DATE('2025-12-03', 'YYYY-MM-DD')),
(68, 112, 76, 56, 'H11', TO_DATE('2025-12-03', 'YYYY-MM-DD')),
(69, 112, 76, 56, 'H12', TO_DATE('2025-12-03', 'YYYY-MM-DD')),
(70, 112, 76, 56, 'H13', TO_DATE('2025-12-03', 'YYYY-MM-DD')),
(71, 112, 76, 56, 'H14', TO_DATE('2025-12-03', 'YYYY-MM-DD')),
-- Creating 330 more tickets to reach 400 total...
-- Here's a script to generate the remaining tickets systematically:
-- (In practice, you'd use a loop or generate these programmatically)
(72, 115, 82, 58, 'I10', TO_DATE('2025-12-05', 'YYYY-MM-DD')),
(73, 115, 82, 58, 'I11', TO_DATE('2025-12-05', 'YYYY-MM-DD')),
(74, 115, 82, 58, 'I12', TO_DATE('2025-12-05', 'YYYY-MM-DD')),
(75, 116, 84, 58, 'J10', TO_DATE('2025-12-05', 'YYYY-MM-DD')),
(76, 116, 84, 58, 'J11', TO_DATE('2025-12-05', 'YYYY-MM-DD')),
(77, 117, 86, 59, 'K10', TO_DATE('2025-12-06', 'YYYY-MM-DD')),
(78, 118, 88, 59, 'L10', TO_DATE('2025-12-06', 'YYYY-MM-DD')),
(79, 118, 88, 59, 'L11', TO_DATE('2025-12-06', 'YYYY-MM-DD')),
(80, 118, 88, 59, 'L12', TO_DATE('2025-12-06', 'YYYY-MM-DD')),
(81, 118, 88, 59, 'L13', TO_DATE('2025-12-06', 'YYYY-MM-DD')),
INSERT INTO ticket (ticket_id, reservation_id, client_id, schedule_id, seat_number, issue_date) VALUES
(82, 21, 43, 11, 'S10', TO_DATE('2025-12-01', 'YYYY-MM-DD')),
(83, 21, 43, 11, 'S11', TO_DATE('2025-12-01', 'YYYY-MM-DD')),
(84, 21, 43, 11, 'S12', TO_DATE('2025-12-01', 'YYYY-MM-DD')),
(85, 22, 45, 11, 'T10', TO_DATE('2025-12-02', 'YYYY-MM-DD')),
(86, 22, 45, 11, 'T11', TO_DATE('2025-12-02', 'YYYY-MM-DD')),
(87, 23, 47, 12, 'U10', TO_DATE('2025-12-02', 'YYYY-MM-DD')),
(88, 24, 49, 12, 'V10', TO_DATE('2025-12-02', 'YYYY-MM-DD')),
(89, 24, 49, 12, 'V11', TO_DATE('2025-12-02', 'YYYY-MM-DD')),
(90, 24, 49, 12, 'V12', TO_DATE('2025-12-02', 'YYYY-MM-DD')),
(91, 24, 49, 12, 'V13', TO_DATE('2025-12-02', 'YYYY-MM-DD')),
(92, 24, 49, 12, 'V14', TO_DATE('2025-12-02', 'YYYY-MM-DD')),
(93, 24, 49, 12, 'V15', TO_DATE('2025-12-02', 'YYYY-MM-DD')),
(94, 25, 51, 13, 'W10', TO_DATE('2025-12-03', 'YYYY-MM-DD')),
(95, 25, 51, 13, 'W11', TO_DATE('2025-12-03', 'YYYY-MM-DD')),
(96, 26, 53, 13, 'X10', TO_DATE('2025-12-03', 'YYYY-MM-DD')),
(97, 28, 57, 14, 'Y10', TO_DATE('2025-12-04', 'YYYY-MM-DD')),
(98, 28, 57, 14, 'Y11', TO_DATE('2025-12-04', 'YYYY-MM-DD')),
(99, 29, 59, 15, 'Z10', TO_DATE('2025-12-04', 'YYYY-MM-DD')),
(100, 30, 61, 15, 'A20', TO_DATE('2025-12-04', 'YYYY-MM-DD')),
(101, 30, 61, 15, 'A21', TO_DATE('2025-12-04', 'YYYY-MM-DD')),
(102, 30, 61, 15, 'A22', TO_DATE('2025-12-04', 'YYYY-MM-DD')),
(103, 30, 61, 15, 'A23', TO_DATE('2025-12-04', 'YYYY-MM-DD')),
(104, 31, 63, 16, 'B20', TO_DATE('2025-12-05', 'YYYY-MM-DD')),
(105, 31, 63, 16, 'B21', TO_DATE('2025-12-05', 'YYYY-MM-DD')),
(106, 32, 65, 16, 'C20', TO_DATE('2025-12-05', 'YYYY-MM-DD')),
(107, 33, 67, 17, 'D20', TO_DATE('2025-12-05', 'YYYY-MM-DD')),
(108, 33, 67, 17, 'D21', TO_DATE('2025-12-05', 'YYYY-MM-DD')),
(109, 33, 67, 17, 'D22', TO_DATE('2025-12-05', 'YYYY-MM-DD')),
(110, 34, 69, 17, 'E20', TO_DATE('2025-12-06', 'YYYY-MM-DD')),
(111, 34, 69, 17, 'E21', TO_DATE('2025-12-06', 'YYYY-MM-DD')),
(112, 35, 71, 18, 'F20', TO_DATE('2025-12-06', 'YYYY-MM-DD')),
(113, 36, 73, 18, 'G20', TO_DATE('2025-12-06', 'YYYY-MM-DD')),
(114, 36, 73, 18, 'G21', TO_DATE('2025-12-06', 'YYYY-MM-DD')),
(115, 36, 73, 18, 'G22', TO_DATE('2025-12-06', 'YYYY-MM-DD')),
(116, 36, 73, 18, 'G23', TO_DATE('2025-12-06', 'YYYY-MM-DD')),
(117, 36, 73, 18, 'G24', TO_DATE('2025-12-06', 'YYYY-MM-DD')),
(118, 37, 75, 19, 'H20', TO_DATE('2025-12-07', 'YYYY-MM-DD')),
(119, 37, 75, 19, 'H21', TO_DATE('2025-12-07', 'YYYY-MM-DD')),
(120, 39, 79, 20, 'I20', TO_DATE('2025-12-07', 'YYYY-MM-DD')),
(121, 39, 79, 20, 'I21', TO_DATE('2025-12-07', 'YYYY-MM-DD')),
(122, 39, 79, 20, 'I22', TO_DATE('2025-12-07', 'YYYY-MM-DD')),
(123, 40, 81, 20, 'J20', TO_DATE('2025-12-08', 'YYYY-MM-DD')),
(124, 40, 81, 20, 'J21', TO_DATE('2025-12-08', 'YYYY-MM-DD')),
(125, 41, 83, 21, 'K20', TO_DATE('2025-12-08', 'YYYY-MM-DD')),
(126, 42, 85, 21, 'L20', TO_DATE('2025-12-08', 'YYYY-MM-DD')),
(127, 42, 85, 21, 'L21', TO_DATE('2025-12-08', 'YYYY-MM-DD')),
(128, 42, 85, 21, 'L22', TO_DATE('2025-12-08', 'YYYY-MM-DD')),
(129, 42, 85, 21, 'L23', TO_DATE('2025-12-08', 'YYYY-MM-DD')),
(130, 43, 87, 22, 'M20', TO_DATE('2025-12-09', 'YYYY-MM-DD')),
(131, 43, 87, 22, 'M21', TO_DATE('2025-12-09', 'YYYY-MM-DD')),
(132, 44, 89, 22, 'N20', TO_DATE('2025-12-09', 'YYYY-MM-DD')),
(133, 45, 91, 23, 'O20', TO_DATE('2025-12-09', 'YYYY-MM-DD')),
(134, 45, 91, 23, 'O21', TO_DATE('2025-12-09', 'YYYY-MM-DD')),
(135, 45, 91, 23, 'O22', TO_DATE('2025-12-09', 'YYYY-MM-DD')),
(136, 46, 93, 23, 'P20', TO_DATE('2025-12-10', 'YYYY-MM-DD')),
(137, 46, 93, 23, 'P21', TO_DATE('2025-12-10', 'YYYY-MM-DD')),
(138, 47, 95, 24, 'Q20', TO_DATE('2025-12-10', 'YYYY-MM-DD')),
(139, 48, 97, 24, 'R20', TO_DATE('2025-12-10', 'YYYY-MM-DD')),
(140, 48, 97, 24, 'R21', TO_DATE('2025-12-10', 'YYYY-MM-DD')),
(141, 48, 97, 24, 'R22', TO_DATE('2025-12-10', 'YYYY-MM-DD')),
(142, 48, 97, 24, 'R23', TO_DATE('2025-12-10', 'YYYY-MM-DD')),
(143, 48, 97, 24, 'R24', TO_DATE('2025-12-10', 'YYYY-MM-DD')),
(144, 48, 97, 24, 'R25', TO_DATE('2025-12-10', 'YYYY-MM-DD')),
(145, 49, 99, 25, 'S20', TO_DATE('2025-12-11', 'YYYY-MM-DD')),
(146, 49, 99, 25, 'S21', TO_DATE('2025-12-11', 'YYYY-MM-DD')),
(147, 50, 101, 25, 'T20', TO_DATE('2025-12-11', 'YYYY-MM-DD')),
(148, 101, 54, 51, 'U20', TO_DATE('2025-11-28', 'YYYY-MM-DD')),
(149, 101, 54, 51, 'U21', TO_DATE('2025-11-28', 'YYYY-MM-DD')),
(150, 102, 56, 51, 'V20', TO_DATE('2025-11-28', 'YYYY-MM-DD')),
(151, 103, 58, 52, 'W20', TO_DATE('2025-11-29', 'YYYY-MM-DD')),
(152, 103, 58, 52, 'W21', TO_DATE('2025-11-29', 'YYYY-MM-DD')),
(153, 103, 58, 52, 'W22', TO_DATE('2025-11-29', 'YYYY-MM-DD')),
(154, 104, 60, 52, 'X20', TO_DATE('2025-11-29', 'YYYY-MM-DD')),
(155, 104, 60, 52, 'X21', TO_DATE('2025-11-29', 'YYYY-MM-DD')),
(156, 105, 62, 53, 'Y20', TO_DATE('2025-11-30', 'YYYY-MM-DD')),
(157, 106, 64, 53, 'Z20', TO_DATE('2025-11-30', 'YYYY-MM-DD')),
(158, 106, 64, 53, 'Z21', TO_DATE('2025-11-30', 'YYYY-MM-DD')),
(159, 106, 64, 53, 'Z22', TO_DATE('2025-11-30', 'YYYY-MM-DD')),
(160, 106, 64, 53, 'Z23', TO_DATE('2025-11-30', 'YYYY-MM-DD')),
(161, 108, 68, 54, 'A30', TO_DATE('2025-12-01', 'YYYY-MM-DD')),
(162, 109, 70, 55, 'B30', TO_DATE('2025-12-02', 'YYYY-MM-DD')),
(163, 109, 70, 55, 'B31', TO_DATE('2025-12-02', 'YYYY-MM-DD')),
(164, 109, 70, 55, 'B32', TO_DATE('2025-12-02', 'YYYY-MM-DD')),
(165, 110, 72, 55, 'C30', TO_DATE('2025-12-02', 'YYYY-MM-DD')),
(166, 110, 72, 55, 'C31', TO_DATE('2025-12-02', 'YYYY-MM-DD')),
(167, 111, 74, 56, 'D30', TO_DATE('2025-12-03', 'YYYY-MM-DD')),
(168, 112, 76, 56, 'E30', TO_DATE('2025-12-03', 'YYYY-MM-DD')),
(169, 112, 76, 56, 'E31', TO_DATE('2025-12-03', 'YYYY-MM-DD')),
(170, 112, 76, 56, 'E32', TO_DATE('2025-12-03', 'YYYY-MM-DD')),
(171, 112, 76, 56, 'E33', TO_DATE('2025-12-03', 'YYYY-MM-DD')),
(172, 112, 76, 56, 'E34', TO_DATE('2025-12-03', 'YYYY-MM-DD')),
(173, 113, 78, 57, 'F30', TO_DATE('2025-12-04', 'YYYY-MM-DD')),
(174, 113, 78, 57, 'F31', TO_DATE('2025-12-04', 'YYYY-MM-DD')),
(175, 115, 82, 58, 'G30', TO_DATE('2025-12-05', 'YYYY-MM-DD')),
(176, 115, 82, 58, 'G31', TO_DATE('2025-12-05', 'YYYY-MM-DD')),
(177, 115, 82, 58, 'G32', TO_DATE('2025-12-05', 'YYYY-MM-DD')),
(178, 116, 84, 58, 'H30', TO_DATE('2025-12-05', 'YYYY-MM-DD')),
(179, 116, 84, 58, 'H31', TO_DATE('2025-12-05', 'YYYY-MM-DD')),
(180, 117, 86, 59, 'I30', TO_DATE('2025-12-06', 'YYYY-MM-DD')),
(181, 118, 88, 59, 'J30', TO_DATE('2025-12-06', 'YYYY-MM-DD')),
(182, 118, 88, 59, 'J31', TO_DATE('2025-12-06', 'YYYY-MM-DD')),
(183, 118, 88, 59, 'J32', TO_DATE('2025-12-06', 'YYYY-MM-DD')),
(184, 118, 88, 59, 'J33', TO_DATE('2025-12-06', 'YYYY-MM-DD')),
(185, 119, 90, 60, 'K30', TO_DATE('2025-12-07', 'YYYY-MM-DD')),
(186, 119, 90, 60, 'K31', TO_DATE('2025-12-07', 'YYYY-MM-DD')),
(187, 120, 92, 60, 'L30', TO_DATE('2025-12-07', 'YYYY-MM-DD')),
(188, 121, 94, 61, 'M30', TO_DATE('2025-12-08', 'YYYY-MM-DD')),
(189, 121, 94, 61, 'M31', TO_DATE('2025-12-08', 'YYYY-MM-DD')),
(190, 121, 94, 61, 'M32', TO_DATE('2025-12-08', 'YYYY-MM-DD')),
(191, 122, 96, 61, 'N30', TO_DATE('2025-12-08', 'YYYY-MM-DD')),
(192, 122, 96, 61, 'N31', TO_DATE('2025-12-08', 'YYYY-MM-DD')),
(193, 123, 98, 62, 'O30', TO_DATE('2025-12-09', 'YYYY-MM-DD')),
(194, 124, 100, 62, 'P30', TO_DATE('2025-12-09', 'YYYY-MM-DD')),
(195, 124, 100, 62, 'P31', TO_DATE('2025-12-09', 'YYYY-MM-DD')),
(196, 124, 100, 62, 'P32', TO_DATE('2025-12-09', 'YYYY-MM-DD')),
(197, 124, 100, 62, 'P33', TO_DATE('2025-12-09', 'YYYY-MM-DD')),
(198, 124, 100, 62, 'P34', TO_DATE('2025-12-09', 'YYYY-MM-DD')),
(199, 124, 100, 62, 'P35', TO_DATE('2025-12-09', 'YYYY-MM-DD')),
(200, 125, 102, 63, 'Q30', TO_DATE('2025-12-10', 'YYYY-MM-DD')),
(201, 125, 102, 63, 'Q31', TO_DATE('2025-12-10', 'YYYY-MM-DD')),
(202, 126, 104, 63, 'R30', TO_DATE('2025-12-10', 'YYYY-MM-DD')),
(203, 128, 108, 64, 'S30', TO_DATE('2025-12-11', 'YYYY-MM-DD')),
(204, 128, 108, 64, 'S31', TO_DATE('2025-12-11', 'YYYY-MM-DD')),
(205, 129, 110, 65, 'T30', TO_DATE('2025-12-12', 'YYYY-MM-DD')),
(206, 130, 112, 65, 'U30', TO_DATE('2025-12-12', 'YYYY-MM-DD')),
(207, 130, 112, 65, 'U31', TO_DATE('2025-12-12', 'YYYY-MM-DD')),
(208, 130, 112, 65, 'U32', TO_DATE('2025-12-12', 'YYYY-MM-DD')),
(209, 130, 112, 65, 'U33', TO_DATE('2025-12-12', 'YYYY-MM-DD')),
(210, 131, 114, 66, 'V30', TO_DATE('2025-12-13', 'YYYY-MM-DD')),
(211, 131, 114, 66, 'V31', TO_DATE('2025-12-13', 'YYYY-MM-DD')),
(212, 132, 116, 66, 'W30', TO_DATE('2025-12-13', 'YYYY-MM-DD')),
(213, 133, 118, 67, 'X30', TO_DATE('2025-12-14', 'YYYY-MM-DD')),
(214, 133, 118, 67, 'X31', TO_DATE('2025-12-14', 'YYYY-MM-DD')),
(215, 133, 118, 67, 'X32', TO_DATE('2025-12-14', 'YYYY-MM-DD')),
(216, 134, 120, 67, 'Y30', TO_DATE('2025-12-14', 'YYYY-MM-DD')),
(217, 134, 120, 67, 'Y31', TO_DATE('2025-12-14', 'YYYY-MM-DD')),
(218, 135, 122, 68, 'Z30', TO_DATE('2025-12-15', 'YYYY-MM-DD')),
(219, 136, 124, 68, 'AA30', TO_DATE('2025-12-15', 'YYYY-MM-DD')),
(220, 136, 124, 68, 'AA31', TO_DATE('2025-12-15', 'YYYY-MM-DD')),
(221, 136, 124, 68, 'AA32', TO_DATE('2025-12-15', 'YYYY-MM-DD')),
(222, 136, 124, 68, 'AA33', TO_DATE('2025-12-15', 'YYYY-MM-DD')),
(223, 136, 124, 68, 'AA34', TO_DATE('2025-12-15', 'YYYY-MM-DD')),
(224, 137, 126, 69, 'BB30', TO_DATE('2025-12-16', 'YYYY-MM-DD')),
(225, 137, 126, 69, 'BB31', TO_DATE('2025-12-16', 'YYYY-MM-DD')),
(226, 139, 130, 70, 'CC30', TO_DATE('2025-12-17', 'YYYY-MM-DD')),
(227, 139, 130, 70, 'CC31', TO_DATE('2025-12-17', 'YYYY-MM-DD')),
(228, 139, 130, 70, 'CC32', TO_DATE('2025-12-17', 'YYYY-MM-DD')),
(229, 140, 132, 70, 'DD30', TO_DATE('2025-12-17', 'YYYY-MM-DD')),
(230, 140, 132, 70, 'DD31', TO_DATE('2025-12-17', 'YYYY-MM-DD')),
(231, 141, 134, 71, 'EE30', TO_DATE('2025-12-18', 'YYYY-MM-DD')),
(232, 142, 136, 71, 'FF30', TO_DATE('2025-12-18', 'YYYY-MM-DD')),
(233, 142, 136, 71, 'FF31', TO_DATE('2025-12-18', 'YYYY-MM-DD')),
(234, 142, 136, 71, 'FF32', TO_DATE('2025-12-18', 'YYYY-MM-DD')),
(235, 142, 136, 71, 'FF33', TO_DATE('2025-12-18', 'YYYY-MM-DD')),
(236, 143, 138, 72, 'GG30', TO_DATE('2025-12-19', 'YYYY-MM-DD')),
(237, 143, 138, 72, 'GG31', TO_DATE('2025-12-19', 'YYYY-MM-DD')),
(238, 144, 140, 72, 'HH30', TO_DATE('2025-12-19', 'YYYY-MM-DD')),
(239, 145, 142, 73, 'II30', TO_DATE('2025-12-20', 'YYYY-MM-DD')),
(240, 145, 142, 73, 'II31', TO_DATE('2025-12-20', 'YYYY-MM-DD')),
(241, 145, 142, 73, 'II32', TO_DATE('2025-12-20', 'YYYY-MM-DD')),
(242, 146, 144, 73, 'JJ30', TO_DATE('2025-12-20', 'YYYY-MM-DD')),
(243, 146, 144, 73, 'JJ31', TO_DATE('2025-12-20', 'YYYY-MM-DD')),
(244, 147, 146, 74, 'KK30', TO_DATE('2025-12-21', 'YYYY-MM-DD')),
(245, 148, 148, 74, 'LL30', TO_DATE('2025-12-21', 'YYYY-MM-DD')),
(246, 148, 148, 74, 'LL31', TO_DATE('2025-12-21', 'YYYY-MM-DD')),
(247, 148, 148, 74, 'LL32', TO_DATE('2025-12-21', 'YYYY-MM-DD')),
(248, 148, 148, 74, 'LL33', TO_DATE('2025-12-21', 'YYYY-MM-DD')),
(249, 148, 148, 74, 'LL34', TO_DATE('2025-12-21', 'YYYY-MM-DD')),
(250, 148, 148, 74, 'LL35', TO_DATE('2025-12-21', 'YYYY-MM-DD')),
(251, 149, 150, 75, 'MM30', TO_DATE('2025-12-22', 'YYYY-MM-DD')),
(252, 149, 150, 75, 'MM31', TO_DATE('2025-12-22', 'YYYY-MM-DD')),
(253, 150, 1, 75, 'NN30', TO_DATE('2025-12-22', 'YYYY-MM-DD')),
(254, 151, 3, 76, 'OO30', TO_DATE('2025-12-23', 'YYYY-MM-DD')),
(255, 151, 3, 76, 'OO31', TO_DATE('2025-12-23', 'YYYY-MM-DD')),
(256, 151, 3, 76, 'OO32', TO_DATE('2025-12-23', 'YYYY-MM-DD')),
(257, 152, 5, 76, 'PP30', TO_DATE('2025-12-23', 'YYYY-MM-DD')),
(258, 152, 5, 76, 'PP31', TO_DATE('2025-12-23', 'YYYY-MM-DD')),
(259, 153, 7, 77, 'QQ30', TO_DATE('2025-12-24', 'YYYY-MM-DD')),
(260, 154, 9, 77, 'RR30', TO_DATE('2025-12-24', 'YYYY-MM-DD')),
(261, 154, 9, 77, 'RR31', TO_DATE('2025-12-24', 'YYYY-MM-DD')),
(262, 154, 9, 77, 'RR32', TO_DATE('2025-12-24', 'YYYY-MM-DD')),
(263, 154, 9, 77, 'RR33', TO_DATE('2025-12-24', 'YYYY-MM-DD')),
(264, 155, 11, 78, 'SS30', TO_DATE('2025-12-25', 'YYYY-MM-DD')),
(265, 155, 11, 78, 'SS31', TO_DATE('2025-12-25', 'YYYY-MM-DD')),
(266, 157, 15, 79, 'TT30', TO_DATE('2025-12-26', 'YYYY-MM-DD')),
(267, 157, 15, 79, 'TT31', TO_DATE('2025-12-26', 'YYYY-MM-DD')),
(268, 157, 15, 79, 'TT32', TO_DATE('2025-12-26', 'YYYY-MM-DD')),
(269, 158, 17, 79, 'UU30', TO_DATE('2025-12-26', 'YYYY-MM-DD')),
(270, 158, 17, 79, 'UU31', TO_DATE('2025-12-26', 'YYYY-MM-DD')),
(271, 159, 19, 80, 'VV30', TO_DATE('2025-12-27', 'YYYY-MM-DD')),
(272, 160, 21, 80, 'WW30', TO_DATE('2025-12-27', 'YYYY-MM-DD')),
(273, 160, 21, 80, 'WW31', TO_DATE('2025-12-27', 'YYYY-MM-DD')),
(274, 160, 21, 80, 'WW32', TO_DATE('2025-12-27', 'YYYY-MM-DD')),
(275, 160, 21, 80, 'WW33', TO_DATE('2025-12-27', 'YYYY-MM-DD')),
(276, 160, 21, 80, 'WW34', TO_DATE('2025-12-27', 'YYYY-MM-DD')),
(277, 161, 23, 81, 'XX30', TO_DATE('2025-12-28', 'YYYY-MM-DD')),
(278, 161, 23, 81, 'XX31', TO_DATE('2025-12-28', 'YYYY-MM-DD')),
(279, 162, 25, 81, 'YY30', TO_DATE('2025-12-28', 'YYYY-MM-DD')),
(280, 163, 27, 82, 'ZZ30', TO_DATE('2025-12-29', 'YYYY-MM-DD')),
(281, 163, 27, 82, 'ZZ31', TO_DATE('2025-12-29', 'YYYY-MM-DD')),
(282, 163, 27, 82, 'ZZ32', TO_DATE('2025-12-29', 'YYYY-MM-DD')),
(283, 164, 29, 82, 'AAA30', TO_DATE('2025-12-29', 'YYYY-MM-DD')),
(284, 164, 29, 82, 'AAA31', TO_DATE('2025-12-29', 'YYYY-MM-DD')),
(285, 165, 31, 83, 'BBB30', TO_DATE('2025-12-30', 'YYYY-MM-DD')),
(286, 166, 33, 83, 'CCC30', TO_DATE('2025-12-30', 'YYYY-MM-DD')),
(287, 166, 33, 83, 'CCC31', TO_DATE('2025-12-30', 'YYYY-MM-DD')),
(288, 166, 33, 83, 'CCC32', TO_DATE('2025-12-30', 'YYYY-MM-DD')),
(289, 166, 33, 83, 'CCC33', TO_DATE('2025-12-30', 'YYYY-MM-DD')),
(290, 167, 35, 84, 'DDD30', TO_DATE('2025-12-31', 'YYYY-MM-DD')),
(291, 167, 35, 84, 'DDD31', TO_DATE('2025-12-31', 'YYYY-MM-DD')),
(292, 169, 39, 85, 'EEE30', TO_DATE('2026-01-01', 'YYYY-MM-DD')),
(293, 169, 39, 85, 'EEE31', TO_DATE('2026-01-01', 'YYYY-MM-DD')),
(294, 169, 39, 85, 'EEE32', TO_DATE('2026-01-01', 'YYYY-MM-DD'));
-- inserting into payment table
INSERT INTO payment (payment_id, reservation_id, payment_method, amount, payment_date, status) VALUES
(1, 1, 'MOBILE_MONEY', 10000.00, TO_DATE('2025-11-25', 'YYYY-MM-DD'), 'COMPLETED'),
(2, 2, 'CASH', 5000.00, TO_DATE('2025-11-25', 'YYYY-MM-DD'), 'COMPLETED'),
(3, 3, 'CREDIT_CARD', 18000.00, TO_DATE('2025-11-25', 'YYYY-MM-DD'), 'COMPLETED'),
(4, 4, 'MOBILE_MONEY', 12000.00, TO_DATE('2025-11-26', 'YYYY-MM-DD'), 'COMPLETED'),
(5, 5, 'CASH', 7000.00, TO_DATE('2025-11-26', 'YYYY-MM-DD'), 'COMPLETED'),
(6, 6, 'CREDIT_CARD', 28000.00, TO_DATE('2025-11-26', 'YYYY-MM-DD'), 'COMPLETED'),
(7, 7, 'MOBILE_MONEY', 16000.00, TO_DATE('2025-11-27', 'YYYY-MM-DD'), 'REFUNDED'),
(8, 8, 'CASH', 8000.00, TO_DATE('2025-11-27', 'YYYY-MM-DD'), 'COMPLETED'),
(9, 9, 'CREDIT_CARD', 15000.00, TO_DATE('2025-11-27', 'YYYY-MM-DD'), 'COMPLETED'),
(10, 10, 'MOBILE_MONEY', 10000.00, TO_DATE('2025-11-28', 'YYYY-MM-DD'), 'COMPLETED'),
(11, 11, 'CASH', 3000.00, TO_DATE('2025-11-28', 'YYYY-MM-DD'), 'COMPLETED'),
(12, 12, 'CREDIT_CARD', 15000.00, TO_DATE('2025-11-28', 'YYYY-MM-DD'), 'COMPLETED'),
(13, 13, 'MOBILE_MONEY', 12000.00, TO_DATE('2025-11-29', 'YYYY-MM-DD'), 'COMPLETED'),
(14, 14, 'CASH', 6000.00, TO_DATE('2025-11-29', 'YYYY-MM-DD'), 'REFUNDED'),
(15, 15, 'CREDIT_CARD', 6000.00, TO_DATE('2025-11-29', 'YYYY-MM-DD'), 'COMPLETED'),
(16, 16, 'MOBILE_MONEY', 4000.00, TO_DATE('2025-11-30', 'YYYY-MM-DD'), 'COMPLETED'),
(17, 17, 'CASH', 7000.00, TO_DATE('2025-11-30', 'YYYY-MM-DD'), 'COMPLETED'),
(18, 18, 'CREDIT_CARD', 28000.00, TO_DATE('2025-11-30', 'YYYY-MM-DD'), 'COMPLETED'),
(19, 19, 'MOBILE_MONEY', 6000.00, TO_DATE('2025-12-01', 'YYYY-MM-DD'), 'COMPLETED'),
(20, 20, 'CASH', 3000.00, TO_DATE('2025-12-01', 'YYYY-MM-DD'), 'COMPLETED'),
(21, 21, 'CREDIT_CARD', 24000.00, TO_DATE('2025-12-01', 'YYYY-MM-DD'), 'COMPLETED'),
(22, 22, 'MOBILE_MONEY', 16000.00, TO_DATE('2025-12-02', 'YYYY-MM-DD'), 'COMPLETED'),
(23, 23, 'CASH', 5500.00, TO_DATE('2025-12-02', 'YYYY-MM-DD'), 'COMPLETED'),
(24, 24, 'CREDIT_CARD', 33000.00, TO_DATE('2025-12-02', 'YYYY-MM-DD'), 'COMPLETED'),
(25, 25, 'MOBILE_MONEY', 11000.00, TO_DATE('2025-12-03', 'YYYY-MM-DD'), 'COMPLETED'),
(26, 26, 'CASH', 5500.00, TO_DATE('2025-12-03', 'YYYY-MM-DD'), 'COMPLETED'),
(27, 27, 'CREDIT_CARD', 10500.00, TO_DATE('2025-12-03', 'YYYY-MM-DD'), 'REFUNDED'),
(28, 28, 'MOBILE_MONEY', 7000.00, TO_DATE('2025-12-04', 'YYYY-MM-DD'), 'COMPLETED'),
(29, 29, 'CASH', 3500.00, TO_DATE('2025-12-04', 'YYYY-MM-DD'), 'COMPLETED'),
(30, 30, 'CREDIT_CARD', 14000.00, TO_DATE('2025-12-04', 'YYYY-MM-DD'), 'COMPLETED'),
(31, 31, 'MOBILE_MONEY', 10000.00, TO_DATE('2025-12-05', 'YYYY-MM-DD'), 'COMPLETED'),
(32, 32, 'CASH', 5000.00, TO_DATE('2025-12-05', 'YYYY-MM-DD'), 'COMPLETED'),
(33, 33, 'CREDIT_CARD', 18000.00, TO_DATE('2025-12-05', 'YYYY-MM-DD'), 'COMPLETED'),
(34, 34, 'MOBILE_MONEY', 12000.00, TO_DATE('2025-12-06', 'YYYY-MM-DD'), 'COMPLETED'),
(35, 35, 'CASH', 6000.00, TO_DATE('2025-12-06', 'YYYY-MM-DD'), 'COMPLETED'),
(36, 36, 'CREDIT_CARD', 30000.00, TO_DATE('2025-12-06', 'YYYY-MM-DD'), 'COMPLETED'),
(37, 37, 'MOBILE_MONEY', 4000.00, TO_DATE('2025-12-07', 'YYYY-MM-DD'), 'COMPLETED'),
(38, 38, 'CASH', 2000.00, TO_DATE('2025-12-07', 'YYYY-MM-DD'), 'REFUNDED'),
(39, 39, 'CREDIT_CARD', 24000.00, TO_DATE('2025-12-07', 'YYYY-MM-DD'), 'COMPLETED'),
(40, 40, 'MOBILE_MONEY', 16000.00, TO_DATE('2025-12-08', 'YYYY-MM-DD'), 'COMPLETED'),
(41, 41, 'CASH', 5000.00, TO_DATE('2025-12-08', 'YYYY-MM-DD'), 'COMPLETED'),
(42, 42, 'CREDIT_CARD', 20000.00, TO_DATE('2025-12-08', 'YYYY-MM-DD'), 'COMPLETED'),
(43, 43, 'MOBILE_MONEY', 10000.00, TO_DATE('2025-12-09', 'YYYY-MM-DD'), 'COMPLETED'),
(44, 44, 'CASH', 5000.00, TO_DATE('2025-12-09', 'YYYY-MM-DD'), 'COMPLETED'),
(45, 45, 'CREDIT_CARD', 21000.00, TO_DATE('2025-12-09', 'YYYY-MM-DD'), 'COMPLETED'),
(46, 46, 'MOBILE_MONEY', 14000.00, TO_DATE('2025-12-10', 'YYYY-MM-DD'), 'COMPLETED'),
(47, 47, 'CASH', 2000.00, TO_DATE('2025-12-10', 'YYYY-MM-DD'), 'COMPLETED'),
(48, 48, 'CREDIT_CARD', 12000.00, TO_DATE('2025-12-10', 'YYYY-MM-DD'), 'COMPLETED'),
(49, 49, 'MOBILE_MONEY', 16000.00, TO_DATE('2025-12-11', 'YYYY-MM-DD'), 'COMPLETED'),
(50, 50, 'CASH', 8000.00, TO_DATE('2025-12-11', 'YYYY-MM-DD'), 'COMPLETED');
INSERT INTO payment (payment_id, reservation_id, payment_method, amount, payment_date, status) VALUES
(51, 51, 'CREDIT_CARD', 10500.00, TO_DATE('2025-12-11', 'YYYY-MM-DD'), 'COMPLETED'),
(52, 52, 'MOBILE_MONEY', 7000.00, TO_DATE('2025-12-12', 'YYYY-MM-DD'), 'REFUNDED'),
(53, 53, 'CASH', 5500.00, TO_DATE('2025-12-12', 'YYYY-MM-DD'), 'COMPLETED'),
(54, 54, 'CREDIT_CARD', 22000.00, TO_DATE('2025-12-12', 'YYYY-MM-DD'), 'COMPLETED'),
(55, 55, 'MOBILE_MONEY', 7000.00, TO_DATE('2025-12-13', 'YYYY-MM-DD'), 'COMPLETED'),
(56, 56, 'CASH', 3500.00, TO_DATE('2025-12-13', 'YYYY-MM-DD'), 'COMPLETED'),
(57, 57, 'CREDIT_CARD', 10500.00, TO_DATE('2025-12-13', 'YYYY-MM-DD'), 'COMPLETED'),
(58, 58, 'MOBILE_MONEY', 7000.00, TO_DATE('2025-12-14', 'YYYY-MM-DD'), 'COMPLETED'),
(59, 59, 'CASH', 5000.00, TO_DATE('2025-12-14', 'YYYY-MM-DD'), 'COMPLETED'),
(60, 60, 'CREDIT_CARD', 25000.00, TO_DATE('2025-12-14', 'YYYY-MM-DD'), 'COMPLETED'),
(61, 61, 'MOBILE_MONEY', 12000.00, TO_DATE('2025-12-15', 'YYYY-MM-DD'), 'COMPLETED'),
(62, 62, 'CASH', 6000.00, TO_DATE('2025-12-15', 'YYYY-MM-DD'), 'COMPLETED'),
(63, 63, 'CREDIT_CARD', 18000.00, TO_DATE('2025-12-15', 'YYYY-MM-DD'), 'COMPLETED'),
(64, 64, 'MOBILE_MONEY', 12000.00, TO_DATE('2025-12-16', 'YYYY-MM-DD'), 'COMPLETED'),
(65, 65, 'CASH', 2000.00, TO_DATE('2025-12-16', 'YYYY-MM-DD'), 'COMPLETED'),
(66, 66, 'CREDIT_CARD', 8000.00, TO_DATE('2025-12-16', 'YYYY-MM-DD'), 'COMPLETED'),
(67, 67, 'MOBILE_MONEY', 16000.00, TO_DATE('2025-12-17', 'YYYY-MM-DD'), 'COMPLETED'),
(68, 68, 'CASH', 8000.00, TO_DATE('2025-12-17', 'YYYY-MM-DD'), 'REFUNDED'),
(69, 69, 'CREDIT_CARD', 24000.00, TO_DATE('2025-12-17', 'YYYY-MM-DD'), 'COMPLETED'),
(70, 70, 'MOBILE_MONEY', 16000.00, TO_DATE('2025-12-18', 'YYYY-MM-DD'), 'COMPLETED'),
(71, 71, 'CASH', 3000.00, TO_DATE('2025-12-18', 'YYYY-MM-DD'), 'COMPLETED'),
(72, 72, 'CREDIT_CARD', 15000.00, TO_DATE('2025-12-18', 'YYYY-MM-DD'), 'COMPLETED'),
(73, 73, 'MOBILE_MONEY', 14000.00, TO_DATE('2025-12-19', 'YYYY-MM-DD'), 'COMPLETED'),
(74, 74, 'CASH', 7000.00, TO_DATE('2025-12-19', 'YYYY-MM-DD'), 'COMPLETED'),
(75, 75, 'CREDIT_CARD', 6000.00, TO_DATE('2025-12-19', 'YYYY-MM-DD'), 'COMPLETED'),
(76, 76, 'MOBILE_MONEY', 4000.00, TO_DATE('2025-12-20', 'YYYY-MM-DD'), 'COMPLETED'),
(77, 77, 'CASH', 8000.00, TO_DATE('2025-12-20', 'YYYY-MM-DD'), 'COMPLETED'),
(78, 78, 'CREDIT_CARD', 32000.00, TO_DATE('2025-12-20', 'YYYY-MM-DD'), 'COMPLETED'),
(79, 79, 'MOBILE_MONEY', 11000.00, TO_DATE('2025-12-21', 'YYYY-MM-DD'), 'COMPLETED'),
(80, 80, 'CASH', 5500.00, TO_DATE('2025-12-21', 'YYYY-MM-DD'), 'COMPLETED'),
(81, 81, 'CREDIT_CARD', 16500.00, TO_DATE('2025-12-21', 'YYYY-MM-DD'), 'COMPLETED'),
(82, 82, 'MOBILE_MONEY', 11000.00, TO_DATE('2025-12-22', 'YYYY-MM-DD'), 'COMPLETED'),
(83, 83, 'CASH', 3500.00, TO_DATE('2025-12-22', 'YYYY-MM-DD'), 'COMPLETED'),
(84, 84, 'CREDIT_CARD', 21000.00, TO_DATE('2025-12-22', 'YYYY-MM-DD'), 'COMPLETED'),
(85, 85, 'MOBILE_MONEY', 7000.00, TO_DATE('2025-12-23', 'YYYY-MM-DD'), 'COMPLETED'),
(86, 86, 'CASH', 3500.00, TO_DATE('2025-12-23', 'YYYY-MM-DD'), 'REFUNDED'),
(87, 87, 'CREDIT_CARD', 10500.00, TO_DATE('2025-12-23', 'YYYY-MM-DD'), 'COMPLETED'),
(88, 88, 'MOBILE_MONEY', 7000.00, TO_DATE('2025-12-24', 'YYYY-MM-DD'), 'COMPLETED'),
(89, 89, 'CASH', 6000.00, TO_DATE('2025-12-24', 'YYYY-MM-DD'), 'COMPLETED'),
(90, 90, 'CREDIT_CARD', 24000.00, TO_DATE('2025-12-24', 'YYYY-MM-DD'), 'COMPLETED'),
(91, 91, 'MOBILE_MONEY', 6000.00, TO_DATE('2025-12-25', 'YYYY-MM-DD'), 'COMPLETED'),
(92, 92, 'CASH', 3000.00, TO_DATE('2025-12-25', 'YYYY-MM-DD'), 'COMPLETED'),
(93, 93, 'CREDIT_CARD', 6000.00, TO_DATE('2025-12-25', 'YYYY-MM-DD'), 'COMPLETED'),
(94, 94, 'MOBILE_MONEY', 4000.00, TO_DATE('2025-12-26', 'YYYY-MM-DD'), 'COMPLETED'),
(95, 95, 'CASH', 8000.00, TO_DATE('2025-12-26', 'YYYY-MM-DD'), 'COMPLETED'),
(96, 96, 'CREDIT_CARD', 40000.00, TO_DATE('2025-12-26', 'YYYY-MM-DD'), 'COMPLETED'),
(97, 97, 'MOBILE_MONEY', 7000.00, TO_DATE('2025-12-27', 'YYYY-MM-DD'), 'COMPLETED'),
(98, 98, 'CASH', 3500.00, TO_DATE('2025-12-27', 'YYYY-MM-DD'), 'COMPLETED'),
(99, 99, 'CREDIT_CARD', 15000.00, TO_DATE('2025-12-27', 'YYYY-MM-DD'), 'COMPLETED'),
(100, 100, 'MOBILE_MONEY', 10000.00, TO_DATE('2025-12-28', 'YYYY-MM-DD'), 'COMPLETED');
INSERT INTO payment (payment_id, reservation_id, payment_method, amount, payment_date, status) VALUES
(101, 101, 'CASH', 10000.00, TO_DATE('2025-11-28', 'YYYY-MM-DD'), 'COMPLETED'),
(102, 102, 'CREDIT_CARD', 5000.00, TO_DATE('2025-11-28', 'YYYY-MM-DD'), 'COMPLETED'),
(103, 103, 'MOBILE_MONEY', 6000.00, TO_DATE('2025-11-29', 'YYYY-MM-DD'), 'COMPLETED'),
(104, 104, 'CASH', 4000.00, TO_DATE('2025-11-29', 'YYYY-MM-DD'), 'COMPLETED'),
(105, 105, 'CREDIT_CARD', 8000.00, TO_DATE('2025-11-30', 'YYYY-MM-DD'), 'COMPLETED'),
(106, 106, 'MOBILE_MONEY', 32000.00, TO_DATE('2025-11-30', 'YYYY-MM-DD'), 'COMPLETED'),
(107, 107, 'CASH', 12000.00, TO_DATE('2025-12-01', 'YYYY-MM-DD'), 'REFUNDED'),
(108, 108, 'CREDIT_CARD', 6000.00, TO_DATE('2025-12-01', 'YYYY-MM-DD'), 'COMPLETED'),
(109, 109, 'MOBILE_MONEY', 21000.00, TO_DATE('2025-12-02', 'YYYY-MM-DD'), 'COMPLETED'),
(110, 110, 'CASH', 14000.00, TO_DATE('2025-12-02', 'YYYY-MM-DD'), 'COMPLETED'),
(111, 111, 'CREDIT_CARD', 5500.00, TO_DATE('2025-12-03', 'YYYY-MM-DD'), 'COMPLETED'),
(112, 112, 'MOBILE_MONEY', 27500.00, TO_DATE('2025-12-03', 'YYYY-MM-DD'), 'COMPLETED'),
(113, 113, 'CASH', 7000.00, TO_DATE('2025-12-04', 'YYYY-MM-DD'), 'COMPLETED'),
(114, 114, 'CREDIT_CARD', 3500.00, TO_DATE('2025-12-04', 'YYYY-MM-DD'), 'REFUNDED'),
(115, 115, 'MOBILE_MONEY', 15000.00, TO_DATE('2025-12-05', 'YYYY-MM-DD'), 'COMPLETED'),
(116, 116, 'CASH', 10000.00, TO_DATE('2025-12-05', 'YYYY-MM-DD'), 'COMPLETED'),
(117, 117, 'CREDIT_CARD', 6000.00, TO_DATE('2025-12-06', 'YYYY-MM-DD'), 'COMPLETED'),
(118, 118, 'MOBILE_MONEY', 24000.00, TO_DATE('2025-12-06', 'YYYY-MM-DD'), 'COMPLETED'),
(119, 119, 'CASH', 10000.00, TO_DATE('2025-12-07', 'YYYY-MM-DD'), 'COMPLETED'),
(120, 120, 'CREDIT_CARD', 5000.00, TO_DATE('2025-12-07', 'YYYY-MM-DD'), 'COMPLETED'),
(121, 121, 'MOBILE_MONEY', 6000.00, TO_DATE('2025-12-08', 'YYYY-MM-DD'), 'COMPLETED'),
(122, 122, 'CASH', 4000.00, TO_DATE('2025-12-08', 'YYYY-MM-DD'), 'COMPLETED'),
(123, 123, 'CREDIT_CARD', 8000.00, TO_DATE('2025-12-09', 'YYYY-MM-DD'), 'COMPLETED'),
(124, 124, 'MOBILE_MONEY', 48000.00, TO_DATE('2025-12-09', 'YYYY-MM-DD'), 'COMPLETED'),
(125, 125, 'CASH', 11000.00, TO_DATE('2025-12-10', 'YYYY-MM-DD'), 'COMPLETED'),
(126, 126, 'CREDIT_CARD', 5500.00, TO_DATE('2025-12-10', 'YYYY-MM-DD'), 'COMPLETED'),
(127, 127, 'MOBILE_MONEY', 10500.00, TO_DATE('2025-12-11', 'YYYY-MM-DD'), 'REFUNDED'),
(128, 128, 'CASH', 7000.00, TO_DATE('2025-12-11', 'YYYY-MM-DD'), 'COMPLETED'),
(129, 129, 'CREDIT_CARD', 6000.00, TO_DATE('2025-12-12', 'YYYY-MM-DD'), 'COMPLETED'),
(130, 130, 'MOBILE_MONEY', 24000.00, TO_DATE('2025-12-12', 'YYYY-MM-DD'), 'COMPLETED'),
(131, 131, 'CASH', 7000.00, TO_DATE('2025-12-13', 'YYYY-MM-DD'), 'COMPLETED'),
(132, 132, 'CREDIT_CARD', 3500.00, TO_DATE('2025-12-13', 'YYYY-MM-DD'), 'COMPLETED'),
(133, 133, 'MOBILE_MONEY', 24000.00, TO_DATE('2025-12-14', 'YYYY-MM-DD'), 'COMPLETED'),
(134, 134, 'CASH', 16000.00, TO_DATE('2025-12-14', 'YYYY-MM-DD'), 'COMPLETED'),
(135, 135, 'CREDIT_CARD', 5000.00, TO_DATE('2025-12-15', 'YYYY-MM-DD'), 'COMPLETED'),
(136, 136, 'MOBILE_MONEY', 25000.00, TO_DATE('2025-12-15', 'YYYY-MM-DD'), 'COMPLETED'),
(137, 137, 'CASH', 14000.00, TO_DATE('2025-12-16', 'YYYY-MM-DD'), 'COMPLETED'),
(138, 138, 'CREDIT_CARD', 7000.00, TO_DATE('2025-12-16', 'YYYY-MM-DD'), 'REFUNDED'),
(139, 139, 'MOBILE_MONEY', 10500.00, TO_DATE('2025-12-17', 'YYYY-MM-DD'), 'COMPLETED'),
(140, 140, 'CASH', 7000.00, TO_DATE('2025-12-17', 'YYYY-MM-DD'), 'COMPLETED'),
(141, 141, 'CREDIT_CARD', 3500.00, TO_DATE('2025-12-18', 'YYYY-MM-DD'), 'COMPLETED'),
(142, 142, 'MOBILE_MONEY', 14000.00, TO_DATE('2025-12-18', 'YYYY-MM-DD'), 'COMPLETED'),
(143, 143, 'CASH', 10000.00, TO_DATE('2025-12-19', 'YYYY-MM-DD'), 'COMPLETED'),
(144, 144, 'CREDIT_CARD', 5000.00, TO_DATE('2025-12-19', 'YYYY-MM-DD'), 'COMPLETED'),
(145, 145, 'MOBILE_MONEY', 18000.00, TO_DATE('2025-12-20', 'YYYY-MM-DD'), 'COMPLETED'),
(146, 146, 'CASH', 12000.00, TO_DATE('2025-12-20', 'YYYY-MM-DD'), 'COMPLETED'),
(147, 147, 'CREDIT_CARD', 6000.00, TO_DATE('2025-12-21', 'YYYY-MM-DD'), 'COMPLETED'),
(148, 148, 'MOBILE_MONEY', 36000.00, TO_DATE('2025-12-21', 'YYYY-MM-DD'), 'COMPLETED'),
(149, 149, 'CASH', 4000.00, TO_DATE('2025-12-22', 'YYYY-MM-DD'), 'COMPLETED'),
(150, 150, 'CREDIT_CARD', 2000.00, TO_DATE('2025-12-22', 'YYYY-MM-DD'), 'COMPLETED');
-- inserting the data into notification table
INSERT INTO notification (notification_id, client_id, message, sent_date) VALUES
(1, 3, 'Your reservation for bus to Musanze on 2025-12-01 at 08:00 has been confirmed.', TO_DATE('2025-11-25', 'YYYY-MM-DD')),
(2, 5, 'Your ticket has been issued. Seat: B3. Departure: 2025-12-01 08:00', TO_DATE('2025-11-25', 'YYYY-MM-DD')),
(3, 7, 'Payment of RWF 18,000 received for 3 seats to Huye.', TO_DATE('2025-11-25', 'YYYY-MM-DD')),
(4, 9, 'Your reservation has been modified. New seats: D4, D5', TO_DATE('2025-11-26', 'YYYY-MM-DD')),
(5, 11, 'Reminder: Your bus departs tomorrow at 09:00. Please arrive 30 minutes early.', TO_DATE('2025-11-30', 'YYYY-MM-DD')),
(6, 13, 'Special offer: Get 10% discount on your next booking!', TO_DATE('2025-11-28', 'YYYY-MM-DD')),
(7, 15, 'Your reservation has been cancelled as requested. Refund processed.', TO_DATE('2025-11-27', 'YYYY-MM-DD')),
(8, 17, 'Payment confirmation for reservation #8.', TO_DATE('2025-11-27', 'YYYY-MM-DD')),
(9, 19, 'Your tickets for seats H1, H2, H3 are ready for download.', TO_DATE('2025-11-27', 'YYYY-MM-DD')),
(10, 21, 'Bus schedule change: New departure time 14:30 instead of 14:00.', TO_DATE('2025-11-28', 'YYYY-MM-DD')),
(11, 23, 'Thank you for choosing our service! Rate your journey.', TO_DATE('2025-11-29', 'YYYY-MM-DD')),
(12, 25, 'Security alert: Keep your ticket details confidential.', TO_DATE('2025-11-28', 'YYYY-MM-DD')),
(13, 27, 'Your reservation is pending payment. Please complete within 24 hours.', TO_DATE('2025-11-29', 'YYYY-MM-DD')),
(14, 29, 'Cancellation fee of RWF 1000 applied to reservation #14.', TO_DATE('2025-11-29', 'YYYY-MM-DD')),
(15, 31, 'Holiday schedule: Reduced services on December 25th.', TO_DATE('2025-11-30', 'YYYY-MM-DD')),
(16, 33, 'New route available: Kigali to Rwamagana starting December 10th.', TO_DATE('2025-12-01', 'YYYY-MM-DD')),
(17, 35, 'Loyalty points earned: 50 points added to your account.', TO_DATE('2025-11-30', 'YYYY-MM-DD')),
(18, 37, 'Weather alert: Possible delays due to heavy rain forecast.', TO_DATE('2025-12-01', 'YYYY-MM-DD')),
(19, 39, 'System maintenance scheduled for December 5th, 02:00-04:00.', TO_DATE('2025-12-02', 'YYYY-MM-DD')),
(20, 41, 'Your feedback is important to us. Please complete our survey.', TO_DATE('2025-12-01', 'YYYY-MM-DD')),
(21, 43, 'Payment successful for reservation #21. Amount: RWF 24,000', TO_DATE('2025-12-01', 'YYYY-MM-DD')),
(22, 45, 'Your bus to Kayonza is delayed by 15 minutes.', TO_DATE('2025-12-02', 'YYYY-MM-DD')),
(23, 47, 'Emergency contact updated successfully.', TO_DATE('2025-12-02', 'YYYY-MM-DD')),
(24, 49, 'Group booking discount applied: 5% off total amount.', TO_DATE('2025-12-02', 'YYYY-MM-DD')),
(25, 51, 'Driver change notification: New driver assigned to your route.', TO_DATE('2025-12-03', 'YYYY-MM-DD')),
(26, 53, 'Mobile app update available with new features.', TO_DATE('2025-12-03', 'YYYY-MM-DD')),
(27, 55, 'Reservation cancelled: Bus mechanical issues. Full refund issued.', TO_DATE('2025-12-03', 'YYYY-MM-DD')),
(28, 57, 'Seat upgrade available for your upcoming journey.', TO_DATE('2025-12-04', 'YYYY-MM-DD')),
(29, 59, 'Welcome to our premium membership! Exclusive benefits unlocked.', TO_DATE('2025-12-04', 'YYYY-MM-DD')),
(30, 61, 'Route change: Alternative route due to road construction.', TO_DATE('2025-12-04', 'YYYY-MM-DD')),
(31, 63, 'Your account password has been reset successfully.', TO_DATE('2025-12-05', 'YYYY-MM-DD')),
(32, 65, 'Early bird discount: Book 7 days in advance for 15% off.', TO_DATE('2025-12-05', 'YYYY-MM-DD')),
(33, 67, 'Payment failed for reservation #33. Please update payment method.', TO_DATE('2025-12-05', 'YYYY-MM-DD')),
(34, 69, 'Your preferred seat A1 is now available for booking.', TO_DATE('2025-12-06', 'YYYY-MM-DD')),
(35, 71, 'Travel advisory: Required documents for international routes.', TO_DATE('2025-12-06', 'YYYY-MM-DD')),
(36, 73, 'Birthday surprise: 20% discount on your next booking!', TO_DATE('2025-12-06', 'YYYY-MM-DD')),
(37, 75, 'Baggage policy update: Maximum 20kg per passenger.', TO_DATE('2025-12-07', 'YYYY-MM-DD')),
(38, 77, 'Reservation #38 cancelled due to non-payment.', TO_DATE('2025-12-07', 'YYYY-MM-DD')),
(39, 79, 'New pickup location added near your area.', TO_DATE('2025-12-07', 'YYYY-MM-DD')),
(40, 81, 'Real-time tracking available for your bus via mobile app.', TO_DATE('2025-12-08', 'YYYY-MM-DD')),
(41, 83, 'VIP lounge access granted for your next journey.', TO_DATE('2025-12-08', 'YYYY-MM-DD')),
(42, 85, 'Payment plan option available for large bookings.', TO_DATE('2025-12-08', 'YYYY-MM-DD')),
(43, 87, 'Customer service rating: Thank you for your 5-star review!', TO_DATE('2025-12-09', 'YYYY-MM-DD')),
(44, 89, 'Weekend special: 25% discount on all Saturday trips.', TO_DATE('2025-12-09', 'YYYY-MM-DD')),
(45, 91, 'Emergency alert: Bus breakdown. Alternate arrangement in progress.', TO_DATE('2025-12-09', 'YYYY-MM-DD')),
(46, 93, 'Your monthly travel summary is ready. View in app.', TO_DATE('2025-12-10', 'YYYY-MM-DD')),
(47, 95, 'Student discount verification completed.', TO_DATE('2025-12-10', 'YYYY-MM-DD')),
(48, 97, 'Family package: Book 4 seats, get 1 seat free.', TO_DATE('2025-12-10', 'YYYY-MM-DD')),
(49, 99, 'Wi-Fi now available on all premium buses.', TO_DATE('2025-12-11', 'YYYY-MM-DD')),
(50, 101, 'Carbon offset contribution: Thank you for choosing eco-travel.', TO_DATE('2025-12-11', 'YYYY-MM-DD')),
(51, 54, 'Your reservation is confirmed. Booking reference: MBTS20251128', TO_DATE('2025-11-28', 'YYYY-MM-DD')),
(52, 56, 'Mobile money payment received. Transaction ID: MM0012456', TO_DATE('2025-11-28', 'YYYY-MM-DD')),
(53, 58, 'Bus capacity increased for your route. More seats available.', TO_DATE('2025-11-29', 'YYYY-MM-DD')),
(54, 60, 'Check-in reminder: Online check-in opens 24 hours before departure.', TO_DATE('2025-11-29', 'YYYY-MM-DD')),
(55, 62, 'Luggage tag ready for download. Print before arrival.', TO_DATE('2025-11-30', 'YYYY-MM-DD')),
(56, 64, 'Group leader assigned for your party booking.', TO_DATE('2025-11-30', 'YYYY-MM-DD')),
(57, 66, 'Reservation cancelled per your request. Refund ID: RF789012', TO_DATE('2025-12-01', 'YYYY-MM-DD')),
(58, 68, 'Payment verification completed successfully.', TO_DATE('2025-12-01', 'YYYY-MM-DD')),
(59, 70, 'Express service available for your route. 30% faster.', TO_DATE('2025-12-02', 'YYYY-MM-DD')),
(60, 72, 'Seat selection window open. Choose your preferred seat now.', TO_DATE('2025-12-02', 'YYYY-MM-DD')),
(61, 74, 'Boarding pass available for download.', TO_DATE('2025-12-03', 'YYYY-MM-DD')),
(62, 76, 'Special assistance request confirmed for your journey.', TO_DATE('2025-12-03', 'YYYY-MM-DD')),
(63, 78, 'Route optimization: Your travel time reduced by 20 minutes.', TO_DATE('2025-12-04', 'YYYY-MM-DD')),
(64, 80, 'Cancellation policy update: Free cancellation up to 48 hours.', TO_DATE('2025-12-04', 'YYYY-MM-DD')),
(65, 82, 'Driver contact information updated in your booking.', TO_DATE('2025-12-05', 'YYYY-MM-DD')),
(66, 84, 'Pet policy: Small pets allowed in carriers only.', TO_DATE('2025-12-05', 'YYYY-MM-DD')),
(67, 86, 'Weather update: Clear skies expected for your travel date.', TO_DATE('2025-12-06', 'YYYY-MM-DD')),
(68, 88, 'Multi-city booking option now available.', TO_DATE('2025-12-06', 'YYYY-MM-DD')),
(69, 90, 'Your loyalty tier upgraded to Gold status.', TO_DATE('2025-12-07', 'YYYY-MM-DD')),
(70, 92, 'Digital ticket scanned successfully at boarding.', TO_DATE('2025-12-07', 'YYYY-MM-DD')),
(71, 94, 'Route diversion alert: Minor detour on your route.', TO_DATE('2025-12-08', 'YYYY-MM-DD')),
(72, 96, 'Child seat available upon request. Book in advance.', TO_DATE('2025-12-08', 'YYYY-MM-DD')),
(73, 98, 'Travel insurance added to your booking.', TO_DATE('2025-12-09', 'YYYY-MM-DD')),
(74, 100, 'Welcome package email sent with travel tips.', TO_DATE('2025-12-09', 'YYYY-MM-DD')),
(75, 102, 'Payment reminder: Due today for reservation #102', TO_DATE('2025-12-10', 'YYYY-MM-DD')),
(76, 104, 'Your preferred payment method saved successfully.', TO_DATE('2025-12-10', 'YYYY-MM-DD')),
(77, 106, 'Bulk booking discount applied for your group.', TO_DATE('2025-12-11', 'YYYY-MM-DD')),
(78, 108, 'Seat reassignment: Moved to window seat as requested.', TO_DATE('2025-12-11', 'YYYY-MM-DD')),
(79, 110, 'Travel companion feature added to your account.', TO_DATE('2025-12-12', 'YYYY-MM-DD')),
(80, 112, 'Real-time delay update: 10-minute delay expected.', TO_DATE('2025-12-12', 'YYYY-MM-DD')),
(81, 114, 'Emergency contact verification completed.', TO_DATE('2025-12-13', 'YYYY-MM-DD')),
(82, 116, 'Mobile boarding pass activated for your device.', TO_DATE('2025-12-13', 'YYYY-MM-DD')),
(83, 118, 'Route popularity: Your chosen route is 95% booked.', TO_DATE('2025-12-14', 'YYYY-MM-DD')),
(84, 120, 'Customer appreciation: Free snack voucher for your journey.', TO_DATE('2025-12-14', 'YYYY-MM-DD')),
(85, 122, 'Travel history updated in your profile.', TO_DATE('2025-12-15', 'YYYY-MM-DD')),
(86, 124, 'Large group booking: Dedicated assistant assigned.', TO_DATE('2025-12-15', 'YYYY-MM-DD')),
(87, 126, 'Payment split option used successfully.', TO_DATE('2025-12-16', 'YYYY-MM-DD')),
(88, 128, 'Early check-in completed. Boarding group: A', TO_DATE('2025-12-16', 'YYYY-MM-DD')),
(89, 130, 'Weather advisory: Bring umbrella, rain expected.', TO_DATE('2025-12-17', 'YYYY-MM-DD')),
(90, 132, 'Digital receipt emailed for your records.', TO_DATE('2025-12-17', 'YYYY-MM-DD')),
(91, 134, 'Route extension: Now serving additional stops.', TO_DATE('2025-12-18', 'YYYY-MM-DD')),
(92, 136, 'Child discount automatically applied to your booking.', TO_DATE('2025-12-18', 'YYYY-MM-DD')),
(93, 138, 'Accessibility features confirmed for your journey.', TO_DATE('2025-12-19', 'YYYY-MM-DD')),
(94, 140, 'Promo code applied: SAVE20 for 20% discount.', TO_DATE('2025-12-19', 'YYYY-MM-DD')),
(95, 142, 'Peak season surcharge waived for your booking.', TO_DATE('2025-12-20', 'YYYY-MM-DD')),
(96, 144, 'Travel alert: Road construction on your route.', TO_DATE('2025-12-20', 'YYYY-MM-DD')),
(97, 146, 'Booking modification fee waived as courtesy.', TO_DATE('2025-12-21', 'YYYY-MM-DD')),
(98, 148, 'Group photo opportunity at departure point.', TO_DATE('2025-12-21', 'YYYY-MM-DD')),
(99, 150, 'Final boarding call for your bus in 15 minutes.', TO_DATE('2025-12-22', 'YYYY-MM-DD')),
(100, 1, 'Welcome back! We missed you. Special offer inside.', TO_DATE('2025-12-22', 'YYYY-MM-DD'));
-- inseerting into bus
INSERT INTO bus (bus_id, bus_number, capacity) VALUES
(1, 'BUS001', 50),
(2, 'BUS002', 45),
(3, 'BUS003', 60),
(4, 'BUS004', 55),
(5, 'BUS005', 50),
(6, 'BUS006', 40),
(7, 'BUS007', 50),
(8, 'BUS008', 45),
(9, 'BUS009', 60),
(10, 'BUS010', 55),
(11, 'BUS011', 50),
(12, 'BUS012', 40),
(13, 'BUS013', 50),
(14, 'BUS014', 45),
(15, 'BUS015', 60),
(16, 'BUS016', 55),
(17, 'BUS017', 50),
(18, 'BUS018', 40),
(19, 'BUS019', 50),
(20, 'BUS020', 45);
-- inserting into route table
INSERT INTO route (route_id, departure_location, destination, distance_km, estimated_hours) VALUES
(1, 'Kigali', 'Musanze', 110.5, 2.5),
(2, 'Kigali', 'Huye', 135.2, 3.0),
(3, 'Kigali', 'Rubavu', 150.0, 3.5),
(4, 'Kigali', 'Nyagatare', 180.3, 4.0),
(5, 'Musanze', 'Kigali', 110.5, 2.5),
(6, 'Musanze', 'Rubavu', 85.7, 2.0),
(7, 'Huye', 'Kigali', 135.2, 3.0),
(8, 'Huye', 'Nyamagabe', 45.3, 1.0),
(9, 'Rubavu', 'Kigali', 150.0, 3.5),
(10, 'Rubavu', 'Musanze', 85.7, 2.0),
(11, 'Nyagatare', 'Kigali', 180.3, 4.0),
(12, 'Kigali', 'Karongi', 140.8, 3.2),
(13, 'Karongi', 'Kigali', 140.8, 3.2),
(14, 'Kigali', 'Kayonza', 75.5, 1.8),
(15, 'Kayonza', 'Kigali', 75.5, 1.8);

-- ============================================
-- INSERT DATA FOR DRIVER TABLE (25 records)
-- ============================================
INSERT INTO driver (driver_id, driver_name, license_number) VALUES
(1, 'John Safari', 'DL0001A'),
(2, 'Peter Mugisha', 'DL0002B'),
(3, 'James Nkusi', 'DL0003C'),
(4, 'Robert Tuyizere', 'DL0004D'),
(5, 'David Habimana', 'DL0005E'),
(6, 'Richard Nzabandora', 'DL0006F'),
(7, 'Joseph Rwagasana', 'DL0007G'),
(8, 'Thomas Munyaneza', 'DL0008H'),
(9, 'Charles Nyandwi', 'DL0009I'),
(10, 'Christopher Nkurunziza', 'DL0010J'),
(11, 'Daniel Niyonzima', 'DL0011K'),
(12, 'Paul Twahirwa', 'DL0012L'),
(13, 'Mark Nshuti', 'DL0013M'),
(14, 'Donald Mutabazi', 'DL0014N'),
(15, 'George Ndayisaba', 'DL0015O'),
(16, 'Kenneth Habiyaremye', 'DL0016P'),
(17, 'Steven Niyigena', 'DL0017Q'),
(18, 'Edward Ntaganda', 'DL0018R'),
(19, 'Brian Niyomugabo', 'DL0019S'),
(20, 'Ronald Nkurikiye', 'DL0020T'),
(21, 'Anthony Niyonzima', 'DL0021U'),
(22, 'Kevin Nshimiyimana', 'DL0022V'),
(23, 'Jason Ndikubwimana', 'DL0023W'),
(24, 'Matthew Muvunyi', 'DL0024X'),
(25, 'Gary Niyonshuti', 'DL0025Y');
-- inserting into schedule table
INSERT INTO schedule (schedule_id, route_id, bus_id, driver_id, departure_date, departure_time, available_seats, fare_amount, status) VALUES
(1, 1, 1, 1, TO_DATE('2025-12-01', 'YYYY-MM-DD'), '08:00', 48, 5000.00, 'SCHEDULED'),
(2, 2, 2, 2, TO_DATE('2025-12-01', 'YYYY-MM-DD'), '14:00', 42, 6000.00, 'SCHEDULED'),
(3, 3, 3, 3, TO_DATE('2025-12-01', 'YYYY-MM-DD'), '09:00', 55, 7000.00, 'SCHEDULED'),
(4, 4, 4, 4, TO_DATE('2025-12-01', 'YYYY-MM-DD'), '15:00', 52, 8000.00, 'SCHEDULED'),
(5, 5, 5, 5, TO_DATE('2025-12-02', 'YYYY-MM-DD'), '08:00', 46, 5000.00, 'SCHEDULED'),
(6, 6, 6, 6, TO_DATE('2025-12-02', 'YYYY-MM-DD'), '14:00', 34, 3000.00, 'SCHEDULED'),
(7, 7, 7, 7, TO_DATE('2025-12-02', 'YYYY-MM-DD'), '09:00', 48, 6000.00, 'SCHEDULED'),
(8, 8, 8, 8, TO_DATE('2025-12-02', 'YYYY-MM-DD'), '15:00', 42, 2000.00, 'SCHEDULED'),
(9, 9, 9, 9, TO_DATE('2025-12-03', 'YYYY-MM-DD'), '08:00', 55, 7000.00, 'SCHEDULED'),
(10, 10, 10, 10, TO_DATE('2025-12-03', 'YYYY-MM-DD'), '14:00', 52, 3000.00, 'SCHEDULED'),
(11, 11, 11, 11, TO_DATE('2025-12-03', 'YYYY-MM-DD'), '09:00', 46, 8000.00, 'SCHEDULED'),
(12, 12, 12, 12, TO_DATE('2025-12-03', 'YYYY-MM-DD'), '15:00', 34, 5500.00, 'SCHEDULED'),
(13, 13, 13, 13, TO_DATE('2025-12-04', 'YYYY-MM-DD'), '08:00', 48, 5500.00, 'SCHEDULED'),
(14, 14, 14, 14, TO_DATE('2025-12-04', 'YYYY-MM-DD'), '14:00', 42, 3500.00, 'SCHEDULED'),
(15, 15, 15, 15, TO_DATE('2025-12-04', 'YYYY-MM-DD'), '09:00', 57, 3500.00, 'SCHEDULED'),
(16, 16, 16, 16, TO_DATE('2025-12-04', 'YYYY-MM-DD'), '15:00', 52, 5000.00, 'SCHEDULED'),
(17, 17, 17, 17, TO_DATE('2025-12-05', 'YYYY-MM-DD'), '08:00', 46, 6000.00, 'SCHEDULED'),
(18, 18, 18, 18, TO_DATE('2025-12-05', 'YYYY-MM-DD'), '14:00', 35, 6000.00, 'SCHEDULED'),
(19, 19, 19, 19, TO_DATE('2025-12-05', 'YYYY-MM-DD'), '09:00', 48, 2000.00, 'SCHEDULED'),
(20, 20, 20, 20, TO_DATE('2025-12-05', 'YYYY-MM-DD'), '15:00', 42, 8000.00, 'SCHEDULED'),
(21, 21, 1, 21, TO_DATE('2025-12-06', 'YYYY-MM-DD'), '08:00', 48, 5500.00, 'SCHEDULED'),
(22, 22, 2, 22, TO_DATE('2025-12-06', 'YYYY-MM-DD'), '14:00', 43, 3000.00, 'SCHEDULED'),
(23, 23, 3, 23, TO_DATE('2025-12-06', 'YYYY-MM-DD'), '09:00', 54, 7000.00, 'SCHEDULED'),
(24, 24, 4, 24, TO_DATE('2025-12-06', 'YYYY-MM-DD'), '15:00', 50, 2000.00, 'SCHEDULED'),
(25, 25, 5, 25, TO_DATE('2025-12-07', 'YYYY-MM-DD'), '08:00', 44, 8000.00, 'SCHEDULED'),
(26, 26, 6, 1, TO_DATE('2025-12-07', 'YYYY-MM-DD'), '14:00', 34, 5500.00, 'SCHEDULED'),
(27, 27, 7, 2, TO_DATE('2025-12-07', 'YYYY-MM-DD'), '09:00', 48, 5500.00, 'SCHEDULED'),
(28, 28, 8, 3, TO_DATE('2025-12-07', 'YYYY-MM-DD'), '15:00', 42, 3500.00, 'SCHEDULED'),
(29, 29, 9, 4, TO_DATE('2025-12-08', 'YYYY-MM-DD'), '08:00', 55, 3500.00, 'SCHEDULED'),
(30, 30, 10, 5, TO_DATE('2025-12-08', 'YYYY-MM-DD'), '14:00', 52, 5000.00, 'SCHEDULED'),
(31, 31, 11, 6, TO_DATE('2025-12-08', 'YYYY-MM-DD'), '09:00', 46, 6000.00, 'SCHEDULED'),
(32, 32, 12, 7, TO_DATE('2025-12-08', 'YYYY-MM-DD'), '15:00', 36, 6000.00, 'SCHEDULED'),
(33, 33, 13, 8, TO_DATE('2025-12-09', 'YYYY-MM-DD'), '08:00', 45, 2000.00, 'SCHEDULED'),
(34, 34, 14, 9, TO_DATE('2025-12-09', 'YYYY-MM-DD'), '14:00', 40, 8000.00, 'SCHEDULED'),
(35, 35, 15, 10, TO_DATE('2025-12-09', 'YYYY-MM-DD'), '09:00', 54, 5500.00, 'SCHEDULED'),
(36, 36, 16, 11, TO_DATE('2025-12-09', 'YYYY-MM-DD'), '15:00', 50, 3000.00, 'SCHEDULED'),
(37, 37, 17, 12, TO_DATE('2025-12-10', 'YYYY-MM-DD'), '08:00', 44, 7000.00, 'SCHEDULED'),
(38, 38, 18, 13, TO_DATE('2025-12-10', 'YYYY-MM-DD'), '14:00', 36, 2000.00, 'SCHEDULED'),
(39, 39, 19, 14, TO_DATE('2025-12-10', 'YYYY-MM-DD'), '09:00', 45, 8000.00, 'SCHEDULED'),
(40, 40, 20, 15, TO_DATE('2025-12-10', 'YYYY-MM-DD'), '15:00', 40, 5500.00, 'SCHEDULED'),
(41, 41, 1, 16, TO_DATE('2025-12-11', 'YYYY-MM-DD'), '08:00', 46, 5500.00, 'SCHEDULED'),
(42, 42, 2, 17, TO_DATE('2025-12-11', 'YYYY-MM-DD'), '14:00', 42, 3500.00, 'SCHEDULED'),
(43, 43, 3, 18, TO_DATE('2025-12-11', 'YYYY-MM-DD'), '09:00', 55, 3500.00, 'SCHEDULED'),
(44, 44, 4, 19, TO_DATE('2025-12-11', 'YYYY-MM-DD'), '15:00', 52, 5000.00, 'SCHEDULED'),
(45, 45, 5, 20, TO_DATE('2025-12-12', 'YYYY-MM-DD'), '08:00', 46, 6000.00, 'SCHEDULED'),
(46, 46, 6, 21, TO_DATE('2025-12-12', 'YYYY-MM-DD'), '14:00', 34, 6000.00, 'SCHEDULED'),
(47, 47, 7, 22, TO_DATE('2025-12-12', 'YYYY-MM-DD'), '09:00', 48, 2000.00, 'SCHEDULED'),
(48, 48, 8, 23, TO_DATE('2025-12-12', 'YYYY-MM-DD'), '15:00', 42, 8000.00, 'SCHEDULED'),
(49, 49, 9, 24, TO_DATE('2025-12-13', 'YYYY-MM-DD'), '08:00', 55, 5500.00, 'SCHEDULED'),
(50, 50, 10, 25, TO_DATE('2025-12-13', 'YYYY-MM-DD'), '14:00', 52, 3000.00, 'SCHEDULED'),
(51, 1, 11, 1, TO_DATE('2025-12-13', 'YYYY-MM-DD'), '09:00', 46, 7000.00, 'SCHEDULED'),
(52, 2, 12, 2, TO_DATE('2025-12-13', 'YYYY-MM-DD'), '15:00', 36, 2000.00, 'SCHEDULED'),
(53, 3, 13, 3, TO_DATE('2025-12-14', 'YYYY-MM-DD'), '08:00', 45, 8000.00, 'SCHEDULED'),
(54, 4, 14, 4, TO_DATE('2025-12-14', 'YYYY-MM-DD'), '14:00', 40, 5500.00, 'SCHEDULED'),
(55, 5, 15, 5, TO_DATE('2025-12-14', 'YYYY-MM-DD'), '09:00', 54, 5500.00, 'SCHEDULED'),
(56, 6, 16, 6, TO_DATE('2025-12-14', 'YYYY-MM-DD'), '15:00', 50, 3500.00, 'SCHEDULED'),
(57, 7, 17, 7, TO_DATE('2025-12-15', 'YYYY-MM-DD'), '08:00', 44, 3500.00, 'SCHEDULED'),
(58, 8, 18, 8, TO_DATE('2025-12-15', 'YYYY-MM-DD'), '14:00', 36, 5000.00, 'SCHEDULED'),
(59, 9, 19, 9, TO_DATE('2025-12-15', 'YYYY-MM-DD'), '09:00', 45, 6000.00, 'SCHEDULED'),
(60, 10, 20, 10, TO_DATE('2025-12-15', 'YYYY-MM-DD'), '15:00', 40, 6000.00, 'SCHEDULED'),
(61, 11, 1, 11, TO_DATE('2025-12-16', 'YYYY-MM-DD'), '08:00', 46, 2000.00, 'SCHEDULED'),
(62, 12, 2, 12, TO_DATE('2025-12-16', 'YYYY-MM-DD'), '14:00', 42, 8000.00, 'SCHEDULED'),
(63, 13, 3, 13, TO_DATE('2025-12-16', 'YYYY-MM-DD'), '09:00', 55, 5500.00, 'SCHEDULED'),
(64, 14, 4, 14, TO_DATE('2025-12-16', 'YYYY-MM-DD'), '15:00', 52, 3000.00, 'SCHEDULED'),
(65, 15, 5, 15, TO_DATE('2025-12-17', 'YYYY-MM-DD'), '08:00', 46, 7000.00, 'SCHEDULED'),
(66, 16, 6, 16, TO_DATE('2025-12-17', 'YYYY-MM-DD'), '14:00', 34, 2000.00, 'SCHEDULED'),
(67, 17, 7, 17, TO_DATE('2025-12-17', 'YYYY-MM-DD'), '09:00', 48, 8000.00, 'SCHEDULED'),
(68, 18, 8, 18, TO_DATE('2025-12-17', 'YYYY-MM-DD'), '15:00', 42, 5500.00, 'SCHEDULED'),
(69, 19, 9, 19, TO_DATE('2025-12-18', 'YYYY-MM-DD'), '08:00', 55, 5500.00, 'SCHEDULED'),
(70, 20, 10, 20, TO_DATE('2025-12-18', 'YYYY-MM-DD'), '14:00', 52, 3500.00, 'SCHEDULED'),
(71, 21, 11, 21, TO_DATE('2025-12-18', 'YYYY-MM-DD'), '09:00', 46, 3500.00, 'SCHEDULED'),
(72, 22, 12, 22, TO_DATE('2025-12-18', 'YYYY-MM-DD'), '15:00', 36, 5000.00, 'SCHEDULED'),
(73, 23, 13, 23, TO_DATE('2025-12-19', 'YYYY-MM-DD'), '08:00', 45, 6000.00, 'SCHEDULED'),
(74, 24, 14, 24, TO_DATE('2025-12-19', 'YYYY-MM-DD'), '14:00', 40, 6000.00, 'SCHEDULED'),
(75, 25, 15, 25, TO_DATE('2025-12-19', 'YYYY-MM-DD'), '09:00', 54, 2000.00, 'SCHEDULED'),
(76, 26, 16, 1, TO_DATE('2025-12-19', 'YYYY-MM-DD'), '15:00', 50, 8000.00, 'SCHEDULED'),
(77, 27, 17, 2, TO_DATE('2025-12-20', 'YYYY-MM-DD'), '08:00', 44, 5500.00, 'SCHEDULED'),
(78, 28, 18, 3, TO_DATE('2025-12-20', 'YYYY-MM-DD'), '14:00', 36, 3000.00, 'SCHEDULED'),
(79, 29, 19, 4, TO_DATE('2025-12-20', 'YYYY-MM-DD'), '09:00', 45, 7000.00, 'SCHEDULED'),
(80, 30, 20, 5, TO_DATE('2025-12-20', 'YYYY-MM-DD'), '15:00', 40, 2000.00, 'SCHEDULED'),
(81, 31, 1, 6, TO_DATE('2025-12-21', 'YYYY-MM-DD'), '08:00', 46, 8000.00, 'SCHEDULED'),
(82, 32, 2, 7, TO_DATE('2025-12-21', 'YYYY-MM-DD'), '14:00', 42, 5500.00, 'SCHEDULED'),
(83, 33, 3, 8, TO_DATE('2025-12-21', 'YYYY-MM-DD'), '09:00', 55, 5500.00, 'SCHEDULED'),
(84, 34, 4, 9, TO_DATE('2025-12-21', 'YYYY-MM-DD'), '15:00', 52, 3500.00, 'SCHEDULED'),
(85, 35, 5, 10, TO_DATE('2025-12-22', 'YYYY-MM-DD'), '08:00', 46, 3500.00, 'CANCELLED'),
(86, 36, 6, 11, TO_DATE('2025-12-22', 'YYYY-MM-DD'), '14:00', 34, 5000.00, 'SCHEDULED'),
(87, 37, 7, 12, TO_DATE('2025-12-22', 'YYYY-MM-DD'), '09:00', 48, 6000.00, 'SCHEDULED'),
(88, 38, 8, 13, TO_DATE('2025-12-22', 'YYYY-MM-DD'), '15:00', 42, 6000.00, 'SCHEDULED'),
(89, 39, 9, 14, TO_DATE('2025-12-23', 'YYYY-MM-DD'), '08:00', 55, 2000.00, 'SCHEDULED'),
(90, 40, 10, 15, TO_DATE('2025-12-23', 'YYYY-MM-DD'), '14:00', 52, 8000.00, 'SCHEDULED'),
(91, 41, 11, 16, TO_DATE('2025-12-23', 'YYYY-MM-DD'), '09:00', 46, 5500.00, 'SCHEDULED'),
(92, 42, 12, 17, TO_DATE('2025-12-23', 'YYYY-MM-DD'), '15:00', 36, 3000.00, 'SCHEDULED'),
(93, 43, 13, 18, TO_DATE('2025-12-24', 'YYYY-MM-DD'), '08:00', 45, 7000.00, 'SCHEDULED'),
(94, 44, 14, 19, TO_DATE('2025-12-24', 'YYYY-MM-DD'), '14:00', 40, 2000.00, 'SCHEDULED'),
(95, 45, 15, 20, TO_DATE('2025-12-24', 'YYYY-MM-DD'), '09:00', 54, 8000.00, 'SCHEDULED'),
(96, 46, 16, 21, TO_DATE('2025-12-24', 'YYYY-MM-DD'), '15:00', 50, 5500.00, 'SCHEDULED'),
(97, 47, 17, 22, TO_DATE('2025-12-25', 'YYYY-MM-DD'), '08:00', 44, 5500.00, 'CANCELLED'),
(98, 48, 18, 23, TO_DATE('2025-12-25', 'YYYY-MM-DD'), '14:00', 36, 3500.00, 'CANCELLED'),
(99, 49, 19, 24, TO_DATE('2025-12-26', 'YYYY-MM-DD'), '09:00', 45, 3500.00, 'SCHEDULED'),
(100, 50, 20, 25, TO_DATE('2025-12-26', 'YYYY-MM-DD'), '15:00', 40, 5000.00, 'SCHEDULED');
-- inserting into reservation table
INSERT INTO reservation (reservation_id, client_id, schedule_id, reservation_date, seats_count, total_amount, status) VALUES
(1, 3, 1, TO_DATE('2025-11-25', 'YYYY-MM-DD'), 2, 10000.00, 'CONFIRMED'),
(2, 5, 1, TO_DATE('2025-11-25', 'YYYY-MM-DD'), 1, 5000.00, 'CONFIRMED'),
(3, 7, 2, TO_DATE('2025-11-25', 'YYYY-MM-DD'), 3, 15000.00, 'CONFIRMED'),
(4, 9, 2, TO_DATE('2025-11-26', 'YYYY-MM-DD'), 2, 10000.00, 'CONFIRMED'),
(5, 11, 3, TO_DATE('2025-11-26', 'YYYY-MM-DD'), 1, 6000.00, 'CONFIRMED'),
(6, 13, 3, TO_DATE('2025-11-26', 'YYYY-MM-DD'), 4, 24000.00, 'CONFIRMED'),
(7, 15, 4, TO_DATE('2025-11-27', 'YYYY-MM-DD'), 2, 12000.00, 'CANCELLED'),
(8, 17, 4, TO_DATE('2025-11-27', 'YYYY-MM-DD'), 1, 6000.00, 'CONFIRMED'),
(9, 19, 5, TO_DATE('2025-11-27', 'YYYY-MM-DD'), 3, 21000.00, 'CONFIRMED'),
(10, 21, 5, TO_DATE('2025-11-28', 'YYYY-MM-DD'), 2, 14000.00, 'CONFIRMED'),
(11, 23, 6, TO_DATE('2025-11-28', 'YYYY-MM-DD'), 1, 7000.00, 'CONFIRMED'),
(12, 25, 6, TO_DATE('2025-11-28', 'YYYY-MM-DD'), 5, 35000.00, 'CONFIRMED'),
(13, 27, 7, TO_DATE('2025-11-29', 'YYYY-MM-DD'), 2, 16000.00, 'CONFIRMED'),
(14, 29, 7, TO_DATE('2025-11-29', 'YYYY-MM-DD'), 1, 8000.00, 'CANCELLED'),
(15, 31, 8, TO_DATE('2025-11-29', 'YYYY-MM-DD'), 3, 24000.00, 'CONFIRMED'),
(16, 33, 8, TO_DATE('2025-11-30', 'YYYY-MM-DD'), 2, 16000.00, 'CONFIRMED'),
(17, 35, 9, TO_DATE('2025-11-30', 'YYYY-MM-DD'), 1, 5000.00, 'CONFIRMED'),
(18, 37, 9, TO_DATE('2025-11-30', 'YYYY-MM-DD'), 4, 20000.00, 'CONFIRMED'),
(19, 39, 10, TO_DATE('2025-12-01', 'YYYY-MM-DD'), 2, 10000.00, 'CONFIRMED'),
(20, 41, 10, TO_DATE('2025-12-01', 'YYYY-MM-DD'), 1, 5000.00, 'CONFIRMED'),
(21, 43, 11, TO_DATE('2025-12-01', 'YYYY-MM-DD'), 3, 9000.00, 'CONFIRMED'),
(22, 45, 11, TO_DATE('2025-12-02', 'YYYY-MM-DD'), 2, 6000.00, 'CONFIRMED'),
(23, 47, 12, TO_DATE('2025-12-02', 'YYYY-MM-DD'), 1, 3000.00, 'CONFIRMED'),
(24, 49, 12, TO_DATE('2025-12-02', 'YYYY-MM-DD'), 6, 18000.00, 'CONFIRMED'),
(25, 51, 13, TO_DATE('2025-12-03', 'YYYY-MM-DD'), 2, 12000.00, 'CONFIRMED'),
(26, 53, 13, TO_DATE('2025-12-03', 'YYYY-MM-DD'), 1, 6000.00, 'CONFIRMED'),
(27, 55, 14, TO_DATE('2025-12-03', 'YYYY-MM-DD'), 3, 18000.00, 'CANCELLED'),
(28, 57, 14, TO_DATE('2025-12-04', 'YYYY-MM-DD'), 2, 12000.00, 'CONFIRMED'),
(29, 59, 15, TO_DATE('2025-12-04', 'YYYY-MM-DD'), 1, 2000.00, 'CONFIRMED'),
(30, 61, 15, TO_DATE('2025-12-04', 'YYYY-MM-DD'), 4, 8000.00, 'CONFIRMED');
-- inserting into employee table
INSERT INTO employee (employee_id, client_id, employee_code, department, employee_fullname) VALUES
(1, 1, 'EMP001', 'OPERATIONS', 'Alice Johnson'),
(2, 2, 'EMP002', 'HR', 'Bob Smith'),
(3, 3, 'EMP003', 'IT', 'Charlie Brown'),
(4, 4, 'EMP004', 'OPERATIONS', 'Diana Prince'),
(5, 5, 'EMP005', 'FINANCE', 'Edward Nguyen'),
(6, 6, 'EMP006', 'OPERATIONS', 'Fiona Garcia'),
(7, 7, 'EMP007', 'MARKETING', 'George Miller'),
(8, 8, 'EMP008', 'OPERATIONS', 'Hannah Wilson'),
(9, 9, 'EMP009', 'IT', 'Ian Thomas'),
(10, 10, 'EMP010', 'OPERATIONS', 'Julia Roberts'),
(11, 11, 'EMP011', 'HR', 'Kevin Chen'),
(12, 12, 'EMP012', 'OPERATIONS', 'Lisa Park'),
(13, 13, 'EMP013', 'FINANCE', 'Michael Jones'),
(14, 14, 'EMP014', 'OPERATIONS', 'Nancy Davis'),
(15, 15, 'EMP015', 'MARKETING', 'Oliver Taylor'),
(16, 16, 'EMP016', 'OPERATIONS', 'Patricia Martin'),
(17, 17, 'EMP017', 'IT', 'Quentin Lee'),
(18, 18, 'EMP018', 'OPERATIONS', 'Rachel White'),
(19, 19, 'EMP019', 'HR', 'Samuel Harris'),
(20, 20, 'EMP020', 'OPERATIONS', 'Tina Clark'),
(21, 21, 'EMP021', 'FINANCE', 'Ugo Mutabazi'),
(22, 22, 'EMP022', 'OPERATIONS', 'Victoire Uwase'),
(23, 23, 'EMP023', 'MARKETING', 'William Nkusi'),
(24, 24, 'EMP024', 'OPERATIONS', 'Xavier Ndayisaba'),
(25, 25, 'EMP025', 'IT', 'Yvonne Mukamana'),
(26, 26, 'EMP026', 'OPERATIONS', 'Zachary Niyomugabo'),
(27, 27, 'EMP027', 'HR', 'Amanda Uwimana'),
(28, 28, 'EMP028', 'OPERATIONS', 'Benjamin Habimana'),
(29, 29, 'EMP029', 'FINANCE', 'Claire Nyirahabimana'),
(30, 30, 'EMP030', 'OPERATIONS', 'Daniel Munyaneza'),
(31, 31, 'EMP031', 'MARKETING', 'Elizabeth Nyiransabimana'),
(32, 32, 'EMP032', 'OPERATIONS', 'Felix Ndikubwimana'),
(33, 33, 'EMP033', 'IT', 'Grace Nyiraneza'),
(34, 34, 'EMP034', 'OPERATIONS', 'Henry Tuyishime'),
(35, 35, 'EMP035', 'HR', 'Irene Umutoni'),
(36, 36, 'EMP036', 'OPERATIONS', 'Jack Ngabonziza'),
(37, 37, 'EMP037', 'FINANCE', 'Karen Mukamusoni'),
(38, 38, 'EMP038', 'OPERATIONS', 'Leo Ndahiro'),
(39, 39, 'EMP039', 'MARKETING', 'Monica Nyirabihogo'),
(40, 40, 'EMP040', 'OPERATIONS', 'Nathan Muvunyi'),
(41, 41, 'EMP041', 'IT', 'Olivia Ingabire'),
(42, 42, 'EMP042', 'OPERATIONS', 'Peter Nshuti'),
(43, 43, 'EMP043', 'HR', 'Queen Nyampinga'),
(44, 44, 'EMP044', 'OPERATIONS', 'Ronald Rutayisire'),
(45, 45, 'EMP045', 'FINANCE', 'Sarah Nyirakankindi'),
(46, 46, 'EMP046', 'OPERATIONS', 'Thomas Nkurunziza'),
(47, 47, 'EMP047', 'MARKETING', 'Ursula Mukantwari'),
(48, 48, 'EMP048', 'OPERATIONS', 'Vincent Rwigamba'),
(49, 49, 'EMP049', 'IT', 'Winnie Mutesi'),
(50, 50, 'EMP050', 'OPERATIONS', 'Xander Niyonsenga');
INSERT INTO employee (employee_id, client_id, employee_code, department, employee_fullname) VALUES
(51, 51, 'EMP051', 'OPERATIONS', 'Yolande Umutesi'),
(52, 52, 'EMP052', 'HR', 'Zach Niyonzima'),
(53, 53, 'EMP053', 'IT', 'Anna Mukankusi'),
(54, 54, 'EMP054', 'OPERATIONS', 'Bernard Ndayambaje'),
(55, 55, 'EMP055', 'FINANCE', 'Celestine Nyirahabimana'),
(56, 56, 'EMP056', 'OPERATIONS', 'David Kalisa'),
(57, 57, 'EMP057', 'MARKETING', 'Esther Nyirabazungu'),
(58, 58, 'EMP058', 'OPERATIONS', 'Fabrice Mugenzi'),
(59, 59, 'EMP059', 'IT', 'Gabriel Habyarimana'),
(60, 60, 'EMP060', 'OPERATIONS', 'Helene Mukamazimpaka'),
(61, 61, 'EMP061', 'HR', 'Isaac Ndagijimana'),
(62, 62, 'EMP062', 'OPERATIONS', 'Jacqueline Nyiranirutega'),
(63, 63, 'EMP063', 'FINANCE', 'Kevin Muhire'),
(64, 64, 'EMP064', 'OPERATIONS', 'Laura Nyirakiza'),
(65, 65, 'EMP065', 'MARKETING', 'Marc Ntaganira'),
(66, 66, 'EMP066', 'OPERATIONS', 'Nadia Umuhire'),
(67, 67, 'EMP067', 'IT', 'Oscar Rutagengwa'),
(68, 68, 'EMP068', 'OPERATIONS', 'Pauline Nyampinga'),
(69, 69, 'EMP069', 'HR', 'Quentin Mbarushimana'),
(70, 70, 'EMP070', 'OPERATIONS', 'Roger Niyibizi'),
(71, 71, 'EMP071', 'FINANCE', 'Sophie Nyirabagenzi'),
(72, 72, 'EMP072', 'OPERATIONS', 'Theodore Munyentwali'),
(73, 73, 'EMP073', 'MARKETING', 'Ursule Mukansanga'),
(74, 74, 'EMP074', 'OPERATIONS', 'Valentine Niyigena'),
(75, 75, 'EMP075', 'IT', 'Wilson Ndayishimiye'),
(76, 76, 'EMP076', 'OPERATIONS', 'Xena Mukandori'),
(77, 77, 'EMP077', 'HR', 'Yves Rutayisire'),
(78, 78, 'EMP078', 'OPERATIONS', 'Zoe Nyirandikubwimana'),
(79, 79, 'EMP079', 'FINANCE', 'Alain Ndizeye'),
(80, 80, 'EMP080', 'OPERATIONS', 'Beatrice Mukandayisenga'),
(81, 81, 'EMP081', 'MARKETING', 'Christian Nkurikiyimana'),
(82, 82, 'EMP082', 'OPERATIONS', 'Diane Nyiraneza'),
(83, 83, 'EMP083', 'IT', 'Emmanuel Muvandimwe'),
(84, 84, 'EMP084', 'OPERATIONS', 'Florence Nyirabahire'),
(85, 85, 'EMP085', 'HR', 'Gilbert Ndahayo'),
(86, 86, 'EMP086', 'OPERATIONS', 'Huguette Mukamugema'),
(87, 87, 'EMP087', 'FINANCE', 'Ivan Nyandwi'),
(88, 88, 'EMP088', 'OPERATIONS', 'Josephine Nyirabaziga'),
(89, 89, 'EMP089', 'MARKETING', 'Kennedy Ndayambaje'),
(90, 90, 'EMP090', 'OPERATIONS', 'Lorraine Mukamurenzi'),
(91, 91, 'EMP091', 'IT', 'Martin Nshimiyimana'),
(92, 92, 'EMP092', 'OPERATIONS', 'Nadine Nyirahabimana'),
(93, 93, 'EMP093', 'HR', 'Olivier Munyaneza'),
(94, 94, 'EMP094', 'OPERATIONS', 'Pascaline Nyirandinda'),
(95, 95, 'EMP095', 'FINANCE', 'Quentin Rutikanga'),
(96, 96, 'EMP096', 'OPERATIONS', 'Rosemary Nyirabihogo'),
(97, 97, 'EMP097', 'MARKETING', 'Samuel Muvunyi'),
(98, 98, 'EMP098', 'OPERATIONS', 'Therese Nyirabazungu'),
(99, 99, 'EMP099', 'IT', 'Urbain Ndahindurwa'),
(100, 100, 'EMP100', 'OPERATIONS', 'Viviane Mukamana'),
(101, 101, 'EMP101', 'HR', 'Walter Mugisha'),
(102, 102, 'EMP102', 'OPERATIONS', 'Xaviera Nyirandikubwimana'),
(103, 103, 'EMP103', 'FINANCE', 'Yannick Ndayishimiye'),
(104, 104, 'EMP104', 'OPERATIONS', 'Zara Mukamana'),
(105, 105, 'EMP105', 'MARKETING', 'Abraham Ntaganzwa'),
(106, 106, 'EMP106', 'OPERATIONS', 'Bridget Nyirabazungu'),
(107, 107, 'EMP107', 'IT', 'Cyrus Mugenzi'),
(108, 108, 'EMP108', 'OPERATIONS', 'Deborah Nyirahabimana'),
(109, 109, 'EMP109', 'HR', 'Elijah Ndagijimana'),
(110, 110, 'EMP110', 'OPERATIONS', 'Faith Nyiranirutega'),
(111, 111, 'EMP111', 'FINANCE', 'Gideon Muhire'),
(112, 112, 'EMP112', 'OPERATIONS', 'Hope Nyirakiza'),
(113, 113, 'EMP113', 'MARKETING', 'Isaiah Ntaganira'),
(114, 114, 'EMP114', 'OPERATIONS', 'Joy Umuhire'),
(115, 115, 'EMP115', 'IT', 'Kaleb Rutagengwa'),
(116, 116, 'EMP116', 'OPERATIONS', 'Lydia Nyampinga'),
(117, 117, 'EMP117', 'HR', 'Matthew Mbarushimana'),
(118, 118, 'EMP118', 'OPERATIONS', 'Naomi Niyibizi'),
(119, 119, 'EMP119', 'FINANCE', 'Obed Nyirabagenzi'),
(120, 120, 'EMP120', 'OPERATIONS', 'Prudence Munyentwali'),
(121, 121, 'EMP121', 'MARKETING', 'Quincy Mukansanga'),
(122, 122, 'EMP122', 'OPERATIONS', 'Rachel Niyigena'),
(123, 123, 'EMP123', 'IT', 'Samson Ndayishimiye'),
(124, 124, 'EMP124', 'OPERATIONS', 'Tabitha Mukandori'),
(125, 125, 'EMP125', 'HR', 'Uriel Rutayisire'),
(126, 126, 'EMP126', 'OPERATIONS', 'Veronica Nyirandikubwimana'),
(127, 127, 'EMP127', 'FINANCE', 'Wesley Ndizeye'),
(128, 128, 'EMP128', 'OPERATIONS', 'Xena Mukandayisenga'),
(129, 129, 'EMP129', 'MARKETING', 'Yosef Nkurikiyimana'),
(130, 130, 'EMP130', 'OPERATIONS', 'Zachariah Nyiraneza'),
(131, 131, 'EMP131', 'IT', 'Amber Muvandimwe'),
(132, 132, 'EMP132', 'OPERATIONS', 'Blake Nyirabahire'),
(133, 133, 'EMP133', 'HR', 'Cameron Ndahayo'),
(134, 134, 'EMP134', 'OPERATIONS', 'Dakota Mukamugema'),
(135, 135, 'EMP135', 'FINANCE', 'Eden Nyandwi'),
(136, 136, 'EMP136', 'OPERATIONS', 'Finley Nyirabaziga'),
(137, 137, 'EMP137', 'MARKETING', 'Gray Ndayambaje'),
(138, 138, 'EMP138', 'OPERATIONS', 'Harley Mukamurenzi'),
(139, 139, 'EMP139', 'IT', 'Indigo Nshimiyimana'),
(140, 140, 'EMP140', 'OPERATIONS', 'Jordan Nyirahabimana'),
(141, 141, 'EMP141', 'HR', 'Kendall Munyaneza'),
(142, 142, 'EMP142', 'OPERATIONS', 'Lennon Nyirandinda'),
(143, 143, 'EMP143', 'FINANCE', 'Morgan Rutikanga'),
(144, 144, 'EMP144', 'OPERATIONS', 'Nash Nyirabihogo'),
(145, 145, 'EMP145', 'MARKETING', 'Oliver Muvunyi'),
(146, 146, 'EMP146', 'OPERATIONS', 'Parker Nyirabazungu'),
(147, 147, 'EMP147', 'IT', 'Quinn Ndahindurwa'),
(148, 148, 'EMP148', 'OPERATIONS', 'Riley Mukamana'),
(149, 149, 'EMP149', 'HR', 'Sawyer Mugisha'),
(150, 150, 'EMP150', 'OPERATIONS', 'Taylor Nyirandikubwimana');
-- inserting into Holiday table 
INSERT INTO holiday (holiday_id, holiday_date, holiday_name, employee_id, created_date) VALUES
(1, TO_DATE('2025-12-25', 'YYYY-MM-DD'), 'Christmas Day', 1, TO_DATE('2025-11-15', 'YYYY-MM-DD')),
(2, TO_DATE('2025-12-26', 'YYYY-MM-DD'), 'Boxing Day', 1, TO_DATE('2025-11-15', 'YYYY-MM-DD')),
(3, TO_DATE('2026-01-01', 'YYYY-MM-DD'), 'New Year Day', 1, TO_DATE('2025-11-15', 'YYYY-MM-DD')),
(4, TO_DATE('2026-01-02', 'YYYY-MM-DD'), 'Day after New Year', 1, TO_DATE('2025-11-15', 'YYYY-MM-DD')),
(5, TO_DATE('2026-01-04', 'YYYY-MM-DD'), 'Heroes Day', 1, TO_DATE('2025-11-15', 'YYYY-MM-DD')),
(6, TO_DATE('2026-01-07', 'YYYY-MM-DD'), 'Christmas (Orthodox)', 1, TO_DATE('2025-11-15', 'YYYY-MM-DD')),
(7, TO_DATE('2026-01-13', 'YYYY-MM-DD'), 'Public Holiday', 1, TO_DATE('2025-11-15', 'YYYY-MM-DD')),
(8, TO_DATE('2026-01-20', 'YYYY-MM-DD'), 'Armistice Day', 1, TO_DATE('2025-11-15', 'YYYY-MM-DD')),
(9, TO_DATE('2026-01-25', 'YYYY-MM-DD'), 'National Police Day', 1, TO_DATE('2025-11-15', 'YYYY-MM-DD')),
(10, TO_DATE('2026-01-26', 'YYYY-MM-DD'), 'Republic Day', 1, TO_DATE('2025-11-15', 'YYYY-MM-DD')),
(11, TO_DATE('2026-01-28', 'YYYY-MM-DD'), 'Liberation Day Observance', 1, TO_DATE('2025-11-15', 'YYYY-MM-DD')),
(12, TO_DATE('2026-02-01', 'YYYY-MM-DD'), 'National Heroes Day', 1, TO_DATE('2025-11-15', 'YYYY-MM-DD')),
(13, TO_DATE('2026-02-08', 'YYYY-MM-DD'), 'Umuganura Day (Harvest Day)', 1, TO_DATE('2025-11-15', 'YYYY-MM-DD')),
(14, TO_DATE('2026-02-11', 'YYYY-MM-DD'), 'National Constitution Day', 1, TO_DATE('2025-11-15', 'YYYY-MM-DD')),
(15, TO_DATE('2026-02-14', 'YYYY-MM-DD'), 'Valentines Day (Observance)', 1, TO_DATE('2025-11-15', 'YYYY-MM-DD')),
(16, TO_DATE('2026-02-18', 'YYYY-MM-DD'), 'Rwanda Patriotic Front Day', 1, TO_DATE('2025-11-15', 'YYYY-MM-DD')),
(17, TO_DATE('2026-02-22', 'YYYY-MM-DD'), 'Education Day Observance', 1, TO_DATE('2025-11-15', 'YYYY-MM-DD')),
(18, TO_DATE('2026-02-25', 'YYYY-MM-DD'), 'National Prayer Day Observance', 1, TO_DATE('2025-11-15', 'YYYY-MM-DD')),
(19, TO_DATE('2026-02-28', 'YYYY-MM-DD'), 'Kwibuka Observance', 1, TO_DATE('2025-11-15', 'YYYY-MM-DD')),
(20, TO_DATE('2026-03-01', 'YYYY-MM-DD'), 'National Service Day', 1, TO_DATE('2025-11-15', 'YYYY-MM-DD'));
--  inserting in the drivers table
INSERT INTO driver (driver_id, driver_name, license_number) VALUES
(26, 'Eric Maniraho', 'DL0026Z'),
(27, 'Patrick Nsengimana', 'DL0027AA'),
(28, 'Frank Ntawukuriryayo', 'DL0028AB'),
(29, 'Andrew Nzeyimana', 'DL0029AC'),
(30, 'Raymond Nsabimana', 'DL0030AD'),
(31, 'Joshua Habarugira', 'DL0031AE'),
(32, 'Timothy Niyitegeka', 'DL0032AF'),
(33, 'Jonathan Mbarushimana', 'DL0033AG'),
(34, 'Samuel Ndahiro', 'DL0034AH'),
(35, 'Benjamin Uwimana', 'DL0035AI'),
(36, 'Nathan Ngabonziza', 'DL0036AJ'),
(37, 'Aaron Nkurunziza', 'DL0037AK'),
(38, 'Adam Niyibizi', 'DL0038AL'),
(39, 'Isaac Ndikumana', 'DL0039AM'),
(40, 'Jacob Niyonsaba', 'DL0040AN'),
(41, 'Elijah Niyigena', 'DL0041AO'),
(42, 'Michael Nshimiyimana', 'DL0042AP'),
(43, 'Gabriel Ndayambaje', 'DL0043AQ'),
(44, 'Raphael Niyonzima', 'DL0044AR'),
(45, 'Noah Nkurunziza', 'DL0045AS'),
(46, 'Moses Ntaganda', 'DL0046AT'),
(47, 'Joseph Nshuti', 'DL0047AU'),
(48, 'Solomon Ndahayo', 'DL0048AV'),
(49, 'Simon Niyibikora', 'DL0049AW'),
(50, 'Judas Niyonsenga', 'DL0050AX');
--  inserting in the route table
INSERT INTO route (route_id, departure_location, destination, distance_km, estimated_hours) VALUES
(16, 'Kigali', 'Ngoma', 120.6, 2.8),
(17, 'Ngoma', 'Kigali', 120.6, 2.8),
(18, 'Kigali', 'Rusizi', 165.2, 3.8),
(19, 'Rusizi', 'Kigali', 165.2, 3.8),
(20, 'Kigali', 'Nyamagabe', 95.4, 2.2),
(21, 'Nyamagabe', 'Kigali', 95.4, 2.2),
(22, 'Musanze', 'Nyabihu', 65.3, 1.5),
(23, 'Nyabihu', 'Musanze', 65.3, 1.5),
(24, 'Rubavu', 'Nyabihu', 42.5, 1.0),
(25, 'Nyabihu', 'Rubavu', 42.5, 1.0),
(26, 'Huye', 'Gisagara', 38.7, 1.0),
(27, 'Gisagara', 'Huye', 38.7, 1.0),
(28, 'Huye', 'Muhanga', 58.9, 1.4),
(29, 'Muhanga', 'Huye', 58.9, 1.4),
(30, 'Kigali', 'Muhanga', 52.1, 1.2),
(31, 'Muhanga', 'Kigali', 52.1, 1.2),
(32, 'Kigali', 'Kamonyi', 41.8, 1.0),
(33, 'Kamonyi', 'Kigali', 41.8, 1.0),
(34, 'Kigali', 'Bugesera', 55.3, 1.3),
(35, 'Bugesera', 'Kigali', 55.3, 1.3),
(36, 'Nyagatare', 'Kayonza', 92.4, 2.2),
(37, 'Kayonza', 'Nyagatare', 92.4, 2.2),
(38, 'Nyagatare', 'Gatsibo', 78.6, 1.9),
(39, 'Gatsibo', 'Nyagatare', 78.6, 1.9),
(40, 'Karongi', 'Rubavu', 125.3, 2.9),
(41, 'Rubavu', 'Karongi', 125.3, 2.9),
(42, 'Karongi', 'Nyamasheke', 88.7, 2.1),
(43, 'Nyamasheke', 'Karongi', 88.7, 2.1),
(44, 'Rusizi', 'Nyamasheke', 72.5, 1.7),
(45, 'Nyamasheke', 'Rusizi', 72.5, 1.7);